diqu,jingdu,shicha,weidu
"北京市区","116.4","-0:14:10","39.9"
"北京房山区","116.13","-0:16:5","39.75"
"北京通州区","116.65","-0:13:19","39.92"
"北京顺义区","116.65","-0:13:24","40.13"
"北京昌平区","116.23","-0:15:12","40.22"
"北京大兴区","116.33","-0:14:41","39.73"
"北京怀柔区","116.63","-0:13:31","40.32"
"北京平谷区","117.12","-0:11:36","40.13"
"北京密云县","116.83","-0:12:36","40.37"
"北京延庆县","115.97","-0:16:7","40.45"
"天津市区","117.2","-0:11:12","39.12"
"天津宝坻区","117.3","-0:10:48","39.72"
"天津武清区","117.03","-0:9:48","39.38"
"天津滨海新区","117.68","-0:11:12","39.03"
"天津宁河县","117.82","-0:8:41","39.33"
"天津静海县","116.92","-0:12:19","38.93"
"天津蓟县","117.4","-0:10:24","40.05"
"上海市区","121.47","+0:5:55","31.23"
"上海宝山区","121.48","+0:5:55","31.4"
"上海嘉定区","121.27","+0:4:58","31.38"
"上海金山区","121.33","+0:4:38","30.75"
"上海松江区","121.22","+0:4:58","31.03"
"上海青浦区","121.12","+0:4:24","31.15"
"上海南汇区","121.75","+0:7:2","31.05"
"上海奉贤区","121.47","+0:5:50","30.92"
"上海崇明县","121.4","+0:5:36","31.62"
"重庆市区","106.55","-0:53:50","29.57"
"重庆万州区","108.4","-0:46:36","30.82"
"重庆涪陵区","107.4","-0:50:34","29.72"
"重庆万盛区","106.92","-0:56:22","28.97"
"重庆渝北区","106.63","-0:53:20","29.72"
"重庆黔江区","108.77","-0:44:46","29.53"
"重庆长寿区","107.08","-0:53:26","29.87"
"重庆綦江区","106.65","-0:53:46","29.03"
"重庆潼南县","105.83","-0:55:7","30.18"
"重庆铜梁县","106.05","-0:56:48","29.85"
"重庆大足区","105.72","-0:57:38","29.7"
"重庆荣昌县","105.58","-0:55:10","29.4"
"重庆璧山区","106.22","-0:55:53","29.6"
"重庆梁平县","107.8","-0:48:53","30.68"
"重庆城口县","108.67","-0:45:19","31.95"
"重庆丰都县","107.73","-0:49:12","29.87"
"重庆垫江县","107.35","-0:50:38","30.33"
"重庆武隆县","107.75","-0:45:7","29.33"
"重庆忠县","108.02","-0:47:53","30.3"
"重庆开县","108.42","-0:46:26","31.18"
"重庆云阳县","108.67","-0:44:26","30.95"
"重庆奉节县","109.47","-0:41:55","31.02"
"重庆巫山县","109.88","-0:40:34","31.08"
"重庆巫溪县","109.63","-0:41:36","31.4"
"重庆石柱县","108.12","-0:47:29","30.0"
"重庆秀山县","108.98","-0:44:7","28.45"
"重庆酉阳县","108.77","-0:45:0","28.85"
"重庆彭水县","108.17","-0:47:14","29.3"
"河北石家庄市区","114.52","-0:22:5","38.05"
"河北石家庄新华区","116.87","-0:12:19","38.32"
"河北石家庄井陉县","114.13","-0:23:29","38.03"
"河北石家庄正定县","114.57","-0:21:46","38.15"
"河北石家庄栾城县","114.65","-0:21:26","37.88"
"河北石家庄行唐县","114.55","-0:21:50","38.43"
"河北石家庄灵寿县","114.37","-0:22:29","38.3"
"河北石家庄高邑县","114.6","-0:21:41","37.6"
"重庆合川区","106.15","-0:55:22","30.02"
"河北石家庄深泽县","115.2","-0:19:12","38.18"
"河北石家庄赞皇县","114.38","-0:22:36","37.67"
"河北石家庄无极县","114.97","-0:20:10","38.18"
"河北石家庄平山县","114.2","-0:23:2","38.25"
"河北石家庄元氏县","114.52","-0:22:0","37.75"
"河北石家庄赵县","114.77","-0:20:53","37.75"
"河北石家庄辛集市","115.22","-0:20:53","37.92"
"河北石家庄藁城市","114.83","-0:20:38","38.03"
"河北石家庄晋州市","115.03","-0:21:19","38.03"
"河北石家庄新乐市","114.68","-0:21:19","38.35"
"河北石家庄鹿泉市","114.3","-0:21:19","38.08"
"河北唐山市区","118.2","-0:7:55","39.63"
"河北唐山滦县","118.7","-0:5:5","39.75"
"河北唐山滦南县","118.68","-0:5:19","39.5"
"河北唐山乐亭县","118.9","-0:4:24","39.42"
"河北唐山迁西县","118.32","-0:6:48","40.15"
"河北唐山玉田县","117.73","-0:8:24","39.88"
"河北唐山唐海县","118.45","-0:5:50","39.27"
"河北唐山遵化市","117.95","-0:8:7","40.18"
"河北唐山迁安市","118.7","-0:5:14","40.02"
"河北秦皇岛市区","119.6","-0:1:43","39.93"
"河北秦皇岛青龙县","118.95","-0:4:17","40.4"
"河北秦皇岛昌黎县","119.17","-0:3:24","39.7"
"河北秦皇岛抚宁县","119.23","-0:3:7","39.88"
"河北秦皇岛卢龙县","118.87","-0:4:36","39.88"
"河北邯郸市区","114.48","-0:22:7","36.62"
"河北邯郸邯郸县","114.53","-0:22:7","36.6"
"河北邯郸临漳县","114.62","-0:21:31","36.35"
"河北邯郸成安县","114.68","-0:21:17","36.43"
"河北邯郸大名县","115.15","-0:19:26","36.28"
"河北邯郸涉县","113.67","-0:25:19","36.57"
"河北邯郸磁县","114.37","-0:22:31","36.35"
"河北邯郸肥乡县","114.8","-0:20:48","36.55"
"河北邯郸永年县","114.48","-0:22:0","36.78"
"河北邯郸邱县","115.17","-0:19:17","36.82"
"河北邯郸鸡泽县","114.87","-0:24:36","36.92"
"河北邯郸广平县","114.93","-0:20:14","36.48"
"河北邯郸馆陶县","115.3","-0:18:24","36.53"
"河北邯郸魏县","114.93","-0:20:14","36.37"
"河北邯郸曲周县","114.95","-0:20:19","36.78"
"河北邯郸武安市","114.2","-0:23:12","36.7"
"河北邢台市区","114.48","-0:22:5","37.07"
"河北邢台邢台县","114.5","-0:22:5","37.08"
"河北邢台临城县","114.5","-0:22:0","37.43"
"河北邢台内丘县","114.52","-0:22:0","37.3"
"河北邢台柏乡县","114.68","-0:21:17","37.5"
"河北邢台隆尧县","114.77","-0:21:0","37.35"
"河北邢台任县","114.68","-0:21:17","37.13"
"河北邢台南和县","114.68","-0:21:10","37.0"
"河北邢台宁晋县","114.92","-0:20:24","37.62"
"河北邢台巨鹿县","115.03","-0:19:53","37.22"
"河北邢台新河县","115.25","-0:19:7","37.53"
"河北邢台广宗县","115.15","-0:19:26","37.07"
"河北邢台平乡县","115.03","-0:19:55","37.07"
"河北邢台威县","115.25","-0:19:41","36.98"
"河北邢台清河县","115.67","-0:17:19","37.07"
"河北邢台临西县","115.5","-0:18:0","36.85"
"河北邢台南宫市","115.38","-0:18:31","37.35"
"河北邢台沙河市","114.5","-0:21:55","36.85"
"河北保定市区","115.47","-0:18:5","38.87"
"河北保定满城县","115.32","-0:18:12","38.95"
"河北保定清苑县","115.48","-0:18:7","38.77"
"河北保定涞水县","115.72","-0:17:10","39.4"
"河北保定阜平县","114.18","-0:23:17","38.85"
"河北保定徐水县","115.65","-0:17:24","39.02"
"河北保定定兴县","115.77","-0:16:53","39.27"
"河北保定唐县","114.98","-0:20:7","38.75"
"河北保定高阳县","115.78","-0:16:53","38.68"
"河北保定容城县","115.87","-0:16:34","39.05"
"河北保定涞源县","114.68","-0:21:19","39.35"
"河北保定望都县","115.15","-0:19:26","38.72"
"河北保定安新县","115.93","-0:16:19","38.92"
"河北保定易县","115.5","-0:18:2","39.35"
"河北保定曲阳县","114.7","-0:21:17","38.62"
"河北保定蠡县","115.57","-0:17:41","38.48"
"河北保定顺平县","115.13","-0:17:41","38.83"
"河北保定博野县","115.47","-0:18:10","38.45"
"河北保定雄县","116.1","-0:15:36","38.98"
"河北保定涿州市","115.97","-0:16:5","39.48"
"河北保定定州市","114.97","-0:23:55","38.52"
"河北保定安国市","115.32","-0:18:48","38.42"
"河北保定高碑店市","115.85","-0:18:48","39.33"
"河北张家口市区","114.88","-0:20:31","40.82"
"河北张家口宣化县","115.02","-0:19:53","40.55"
"河北张家口张北县","114.7","-0:21:12","41.15"
"河北张家口康保县","114.62","-0:21:36","41.85"
"河北张家口沽源县","115.7","-0:17:17","41.67"
"河北张家口尚义县","113.97","-0:24:12","41.08"
"河北张家口蔚县","114.57","-0:24:12","39.85"
"河北张家口阳原县","114.17","-0:23:24","40.12"
"河北张家口怀安县","114.42","-0:22:29","40.67"
"河北张家口万全县","114.72","-0:21:5","40.75"
"河北张家口怀来县","115.52","-0:17:50","40.4"
"河北张家口涿鹿县","115.22","-0:19:12","40.38"
"河北张家口赤城县","115.83","-0:16:43","40.92"
"河北张家口崇礼县","115.27","-0:16:43","40.97"
"河北承德市区","117.93","-0:8:17","40.97"
"河北承德承德县","118.17","-0:8:17","40.77"
"河北承德兴隆县","117.52","-0:10:5","40.43"
"河北承德平泉县","118.68","-0:5:17","41.0"
"河北承德滦平县","117.33","-0:9:53","40.93"
"河北承德隆化县","117.72","-0:9:12","41.32"
"河北承德丰宁县","116.65","-0:13:29","41.2"
"河北承德宽城县","118.48","-0:6:7","40.6"
"河北承德围场县","117.75","-0:9:7","41.93"
"河北沧州市区","116.83","-0:12:41","38.3"
"河北沧州沧县","116.87","-0:12:41","38.3"
"河北沧州青县","116.82","-0:12:48","38.58"
"河北沧州东光县","116.53","-0:13:55","37.88"
"河北沧州海兴县","117.48","-0:8:36","38.13"
"河北沧州盐山县","117.22","-0:11:7","38.05"
"河北沧州肃宁县","115.83","-0:16:43","38.43"
"河北沧州南皮县","116.7","-0:13:12","38.03"
"河北沧州吴桥县","116.38","-0:14:31","37.62"
"河北沧州献县","116.12","-0:15:31","38.18"
"河北沧州孟村县","117.1","-0:11:36","38.07"
"河北沧州泊头市","116.57","-0:13:46","38.07"
"河北沧州任丘市","116.1","-0:15:41","38.72"
"河北沧州黄骅市","117.35","-0:10:41","38.37"
"河北沧州河间市","116.08","-0:15:43","38.43"
"河北廊坊市区","116.7","-0:13:12","39.52"
"河北廊坊固安县","116.3","-0:14:50","39.43"
"河北廊坊永清县","116.5","-0:14:5","39.32"
"河北廊坊香河县","117.0","-0:12:0","39.77"
"河北廊坊大城县","116.63","-0:13:29","38.7"
"河北廊坊文安县","116.47","-0:14:12","38.87"
"河北廊坊大厂县","116.98","-0:12:5","39.88"
"河北廊坊霸州市","116.4","-0:14:29","39.1"
"河北廊坊三河市","117.07","-0:11:46","39.98"
"河北衡水市区","115.68","-0:17:7","37.73"
"河北衡水枣强县","115.72","-0:17:7","37.52"
"河北衡水武邑县","115.88","-0:16:24","37.82"
"河北衡水武强县","115.98","-0:16:10","38.03"
"河北衡水饶阳县","115.73","-0:17:2","38.23"
"河北衡水安平县","115.52","-0:18:0","38.23"
"河北衡水故城县","115.97","-0:16:10","37.35"
"河北衡水景县","116.27","-0:14:58","37.7"
"河北衡水阜城县","116.15","-0:15:26","37.87"
"河北衡水冀州市","115.57","-0:17:46","37.57"
"河北衡水深州市","115.55","-0:17:46","38.02"
"山西太原市区","112.55","-0:29:53","37.87"
"山西太原清徐县","112.35","-0:30:41","37.6"
"山西太原阳曲县","112.67","-0:29:24","38.07"
"山西太原娄烦县","111.78","-0:32:53","38.07"
"山西太原古交市","112.17","-0:32:53","37.92"
"山西大同市区","113.3","-0:26:48","40.08"
"山西大同阳高县","113.75","-0:25:7","40.37"
"山西大同天镇县","114.08","-0:23:41","40.42"
"山西大同广灵县","114.28","-0:26:55","39.77"
"山西大同灵丘县","114.23","-0:23:12","39.43"
"山西大同浑源县","113.68","-0:25:17","39.7"
"山西大同左云县","112.7","-0:29:19","40.0"
"山西大同大同县","113.6","-0:26:48","40.03"
"山西阳泉市区","113.57","-0:25:43","37.85"
"山西阳泉平定县","113.62","-0:25:31","37.8"
"山西阳泉盂县","113.4","-0:26:31","38.08"
"山西长治市区","113.12","-0:27:41","36.2"
"山西长治长治县","113.03","-0:27:41","36.05"
"山西长治襄垣县","113.05","-0:27:55","36.53"
"山西长治屯留县","112.88","-0:28:31","36.32"
"山西长治平顺县","113.43","-0:26:17","36.2"
"山西长治黎城县","113.38","-0:26:24","36.5"
"山西长治壶关县","113.2","-0:27:5","36.12"
"山西长治长子县","112.87","-0:28:31","36.12"
"山西长治武乡县","112.85","-0:28:41","36.83"
"山西长治沁县","112.7","-0:29:17","36.75"
"山西长治沁源县","112.33","-0:30:43","36.5"
"山西长治潞城市","113.22","-0:27:7","36.33"
"山西晋城市区","112.83","-0:28:41","35.5"
"山西晋城沁水县","112.18","-0:31:24","35.68"
"山西晋城阳城县","112.42","-0:30:29","35.48"
"山西晋城陵川县","113.27","-0:26:55","35.78"
"山西晋城泽州县","112.83","-0:26:55","35.5"
"山西晋城高平市","112.92","-0:28:29","35.8"
"山西朔州市区","112.43","-0:30:19","39.33"
"山西朔州山阴县","112.82","-0:28:43","39.52"
"山西朔州应县","113.18","-0:27:17","39.55"
"山西朔州右玉县","112.47","-0:30:41","39.98"
"山西朔州怀仁县","113.08","-0:27:36","39.83"
"山西晋中市区","112.75","-0:28:7","37.68"
"山西晋中榆社县","112.97","-0:28:7","37.07"
"山西晋中左权县","113.37","-0:26:36","37.07"
"山西晋中和顺县","113.57","-0:25:48","37.33"
"山西晋中昔阳县","113.7","-0:25:17","37.62"
"山西晋中寿阳县","113.18","-0:27:19","37.88"
"山西晋中太谷县","112.55","-0:29:53","37.42"
"山西晋中祁县","112.33","-0:30:41","37.35"
"山西晋中平遥县","112.17","-0:31:17","37.18"
"山西晋中灵石县","111.77","-0:32:55","36.85"
"山西晋中介休市","111.92","-0:32:29","37.03"
"山西运城市区","110.98","-0:36:7","35.02"
"山西运城临猗县","110.77","-0:36:53","35.15"
"山西运城万荣县","110.83","-0:36:41","35.42"
"山西运城闻喜县","111.22","-0:35:12","35.35"
"山西运城稷山县","110.97","-0:36:7","35.6"
"山西运城新绛县","111.22","-0:35:7","35.62"
"山西运城绛县","111.57","-0:33:41","35.48"
"山西运城垣曲县","111.67","-0:33:29","35.3"
"山西运城夏县","111.22","-0:35:7","35.15"
"山西运城平陆县","111.22","-0:35:12","34.83"
"山西运城芮城县","110.68","-0:37:17","34.7"
"山西运城河津市","110.7","-0:37:12","35.6"
"山西忻州市区","112.73","-0:28:12","38.42"
"山西忻州定襄县","112.95","-0:28:12","38.48"
"山西忻州五台县","113.25","-0:26:43","38.73"
"山西忻州代县","112.95","-0:28:7","39.07"
"山西忻州繁峙县","113.25","-0:26:53","39.18"
"山西忻州宁武县","112.3","-0:30:53","39.0"
"山西忻州静乐县","111.93","-0:32:24","38.37"
"山西忻州神池县","112.2","-0:31:19","39.08"
"山西忻州五寨县","111.85","-0:32:43","38.9"
"山西忻州岢岚县","111.57","-0:33:41","38.7"
"山西忻州河曲县","111.13","-0:35:19","39.38"
"山西忻州偏关县","111.5","-0:34:7","39.43"
"山西忻州原平市","112.7","-0:29:12","38.73"
"山西临汾市区","111.52","-0:34:0","36.08"
"山西临汾曲沃县","111.47","-0:34:41","35.63"
"山西临汾翼城县","111.72","-0:33:17","35.73"
"山西临汾襄汾县","111.43","-0:34:17","35.88"
"山西临汾洪洞县","111.67","-0:33:17","36.25"
"山西临汾古县","111.92","-0:32:24","36.27"
"山西临汾安泽县","112.25","-0:31:12","36.15"
"山西临汾浮山县","111.83","-0:32:41","35.97"
"山西临汾吉县","110.68","-0:37:24","36.1"
"山西临汾乡宁县","110.83","-0:36:48","35.97"
"山西临汾大宁县","110.75","-0:37:7","36.47"
"山西临汾隰县","110.93","-0:37:7","36.7"
"山西临汾永和县","110.63","-0:37:26","36.77"
"山西临汾蒲县","111.08","-0:35:43","36.42"
"山西临汾汾西县","111.57","-0:33:53","36.65"
"山西临汾侯马市","111.35","-0:34:12","35.62"
"山西临汾霍州市","111.72","-0:33:7","36.57"
"山西吕梁市区","111.13","-0:36:12","37.52"
"山西吕梁文水县","112.02","-0:31:55","37.43"
"山西吕梁交城县","112.15","-0:31:26","37.55"
"山西吕梁兴县","111.12","-0:35:7","38.47"
"山西吕梁临县","110.98","-0:36:12","37.95"
"山西吕梁柳林县","110.9","-0:36:36","37.43"
"山西吕梁石楼县","110.83","-0:36:41","37.0"
"山西吕梁岚县","111.67","-0:33:31","38.28"
"山西吕梁方山县","111.23","-0:35:2","37.88"
"山西吕梁中阳县","111.18","-0:35:19","37.33"
"山西吕梁交口县","111.2","-0:35:12","36.97"
"山西吕梁孝义市","111.77","-0:32:48","37.15"
"山西吕梁汾阳市","111.78","-0:33:0","37.27"
"内蒙古呼和浩特市区","111.73","-0:33:24","40.83"
"内蒙古呼和浩特土默特左旗","111.13","-0:35:29","40.72"
"内蒙古呼和浩特托克托县","111.18","-0:35:24","40.27"
"内蒙古呼和浩特和林格尔县","111.82","-0:32:48","40.38"
"内蒙古呼和浩特清水河县","111.68","-0:33:24","39.92"
"内蒙古呼和浩特武川县","111.45","-0:34:19","41.08"
"内蒙古包头市区","109.83","-0:40:0","40.65"
"内蒙古包头土默特右旗","110.52","-0:37:55","40.57"
"内蒙古包头固阳县","110.05","-0:39:53","41.03"
"内蒙古包头达尔罕茂明安联合旗","110.43","-0:38:19","41.7"
"内蒙古乌海市区","106.82","-0:52:43","39.67"
"内蒙古赤峰市区","118.92","-0:4:31","42.27"
"内蒙古赤峰阿鲁科尔沁旗","120.08","+0:0:12","43.88"
"内蒙古赤峰巴林左旗","119.38","-0:2:36","43.98"
"内蒙古赤峰巴林右旗","118.67","-0:5:24","43.52"
"内蒙古赤峰林西县","118.05","-0:7:55","43.6"
"内蒙古赤峰克什克腾旗","117.53","-0:10:5","43.25"
"内蒙古赤峰翁牛特旗","119.02","-0:4:0","42.93"
"内蒙古赤峰喀喇沁旗","118.7","-0:5:19","41.93"
"内蒙古赤峰宁城县","119.33","-0:2:43","41.6"
"内蒙古赤峰敖汉旗","119.9","-0:0:31","42.28"
"内蒙古通辽市区","122.27","+0:9:7","43.62"
"内蒙古通辽科尔沁左翼中旗","123.32","+0:13:7","44.13"
"内蒙古通辽科尔沁左翼后旗","122.35","+0:9:24","42.95"
"内蒙古通辽开鲁县","121.3","+0:5:17","43.6"
"内蒙古通辽库伦旗","121.77","+0:7:0","42.73"
"内蒙古通辽奈曼旗","120.65","+0:2:36","42.85"
"内蒙古通辽扎鲁特旗","120.92","+0:3:29","44.55"
"内蒙古通辽霍林郭勒市","119.65","+0:3:29","45.53"
"内蒙古鄂尔多斯市区","109.8","-0:39:55","39.62"
"内蒙古鄂尔多斯达拉特旗","110.03","-0:39:55","40.4"
"内蒙古鄂尔多斯准格尔旗","111.23","-0:35:29","39.87"
"内蒙古鄂尔多斯鄂托克前旗","107.48","-0:50:17","38.18"
"内蒙古鄂尔多斯鄂托克旗","107.98","-0:48:7","39.1"
"内蒙古鄂尔多斯杭锦旗","108.72","-0:45:12","39.83"
"内蒙古鄂尔多斯乌审旗","108.85","-0:43:53","38.6"
"内蒙古鄂尔多斯伊金霍洛旗","109.73","-0:40:55","39.57"
"内蒙古呼伦贝尔市区","119.77","-0:1:0","49.22"
"内蒙古呼伦贝尔阿荣旗","123.47","+0:14:0","48.13"
"内蒙古呼伦贝尔鄂伦春自治旗","123.72","+0:14:48","50.58"
"内蒙古呼伦贝尔鄂温克族自治旗","119.75","-0:1:0","49.13"
"内蒙古呼伦贝尔陈巴尔虎旗","119.43","-0:2:12","49.32"
"内蒙古呼伦贝尔新巴尔虎左旗","118.27","-0:12:43","48.22"
"内蒙古呼伦贝尔新巴尔虎右旗","116.82","-0:7:5","48.67"
"内蒙古呼伦贝尔满洲里市","117.45","-0:10:7","49.58"
"内蒙古呼伦贝尔牙克石市","120.73","-0:2:12","49.28"
"内蒙古呼伦贝尔扎兰屯市","122.75","+0:11:7","47.98"
"内蒙古呼伦贝尔额尔古纳市","120.18","+0:6:5","50.23"
"内蒙古呼伦贝尔根河市","121.52","+0:0:19","50.78"
"内蒙古巴彦淖尔市区","107.42","-0:52:5","40.75"
"内蒙古巴彦淖尔五原县","108.27","-0:46:53","41.1"
"内蒙古巴彦淖尔磴口县","107.02","-0:52:5","40.33"
"内蒙古巴彦淖尔乌拉特前旗","108.65","-0:45:24","40.72"
"内蒙古巴彦淖尔乌拉特中旗","108.52","-0:45:55","41.57"
"内蒙古巴彦淖尔乌拉特后旗","107.07","-0:45:55","41.1"
"内蒙古巴彦淖尔杭锦后旗","107.15","-0:51:31","40.88"
"内蒙古乌兰察布市区","113.12","-0:27:55","40.98"
"内蒙古乌兰察布卓资县","112.57","-0:29:55","40.9"
"内蒙古乌兰察布化德县","114.0","-0:24:0","41.9"
"内蒙古乌兰察布商都县","113.53","-0:25:53","41.55"
"内蒙古乌兰察布兴和县","113.88","-0:24:7","40.88"
"内蒙古乌兰察布凉城县","112.48","-0:30:5","40.53"
"内蒙古乌兰察布察哈尔右翼前旗","113.22","-0:27:17","40.78"
"内蒙古乌兰察布察哈尔右翼中旗","112.63","-0:29:31","41.27"
"内蒙古乌兰察布察哈尔右翼后旗","113.18","-0:27:24","41.45"
"内蒙古乌兰察布四子王旗","111.7","-0:33:17","41.52"
"内蒙古乌兰察布丰镇市","113.15","-0:27:24","40.43"
"内蒙古兴安盟乌兰浩特市","122.05","+0:8:19","46.08"
"内蒙古兴安盟阿尔山市","119.93","+0:1:36","47.18"
"内蒙古兴安盟科尔沁右翼前旗","121.92","+0:8:7","46.07"
"内蒙古兴安盟科尔沁右翼中旗","121.47","+0:5:53","45.05"
"内蒙古兴安盟扎赉特旗","122.9","+0:10:19","46.73"
"内蒙古兴安盟突泉县","121.57","+0:6:0","45.38"
"内蒙古锡林郭勒盟二连浩特市","111.98","-0:32:10","43.65"
"内蒙古锡林郭勒盟锡林浩特市","116.07","-0:15:41","43.93"
"内蒙古锡林郭勒盟阿巴嘎旗","114.97","-0:20:7","44.02"
"内蒙古锡林郭勒盟苏尼特左旗","113.63","-0:25:12","43.85"
"内蒙古锡林郭勒盟苏尼特右旗","112.65","-0:28:12","42.75"
"内蒙古锡林郭勒盟东乌珠穆沁旗","116.97","-0:12:7","45.52"
"内蒙古锡林郭勒盟西乌珠穆沁旗","117.6","-0:9:41","44.58"
"内蒙古锡林郭勒盟太仆寺旗","115.28","-0:18:48","41.9"
"内蒙古锡林郭勒盟镶黄旗","113.83","-0:24:41","42.23"
"内蒙古锡林郭勒盟正镶白旗","115.0","-0:20:0","42.3"
"内蒙古锡林郭勒盟正蓝旗","116.0","-0:15:55","42.25"
"内蒙古锡林郭勒盟多伦县","116.47","-0:14:5","42.18"
"内蒙古阿拉善盟阿拉善左旗","105.67","-0:57:17","38.83"
"内蒙古阿拉善盟阿拉善右旗","101.68","-1:13:17","39.2"
"内蒙古阿拉善盟额济纳旗","101.07","-1:16:29","41.97"
"辽宁沈阳市区","123.43","+0:13:31","41.8"
"辽宁沈阳辽中县","122.72","+0:10:48","41.52"
"辽宁沈阳康平县","123.35","+0:13:19","42.75"
"辽宁沈阳法库县","123.4","+0:13:29","42.5"
"辽宁沈阳新民市","122.82","+0:11:19","42.0"
"辽宁大连市区","121.62","+0:6:29","38.92"
"辽宁大连旅顺口区","121.27","+0:4:29","38.82"
"辽宁大连金州区","121.7","+0:6:48","39.1"
"辽宁大连长海县","122.58","+0:10:19","39.27"
"辽宁大连瓦房店市","122.0","+0:8:48","39.62"
"辽宁大连普兰店市","121.95","+0:8:48","39.4"
"辽宁大连庄河市","122.98","+0:11:59","39.7"
"辽宁鞍山市区","122.98","+0:11:24","41.1"
"辽宁鞍山台安县","122.42","+0:9:36","41.38"
"辽宁鞍山岫岩县","123.28","+0:13:0","40.28"
"辽宁鞍山海城市","122.7","+0:11:0","40.88"
"辽宁抚顺市区","123.98","+0:15:53","41.88"
"辽宁抚顺新宾县","125.03","+0:20:5","41.73"
"辽宁抚顺清原县","124.92","+0:19:36","42.1"
"辽宁本溪市区","123.77","+0:14:55","41.3"
"辽宁本溪本溪县","124.12","+0:16:55","41.3"
"辽宁本溪桓仁县","125.35","+0:21:19","41.27"
"辽宁丹东市区","124.38","+0:17:29","40.13"
"辽宁丹东宽甸县","124.78","+0:19:5","40.73"
"辽宁丹东东港市","124.15","+0:16:32","39.87"
"辽宁丹东凤城市","124.07","+0:16:12","40.45"
"辽宁锦州市区","121.13","+0:4:36","41.1"
"辽宁锦州黑山县","122.12","+0:8:29","41.7"
"辽宁锦州义县","121.23","+0:4:53","41.53"
"辽宁锦州凌海市","121.35","+0:5:13","41.17"
"辽宁营口市区","122.23","+0:8:43","40.67"
"辽宁营口盖州市","122.35","+0:9:29","40.4"
"辽宁营口大石桥市","122.5","+0:10:09","40.65"
"辽宁阜新市区","121.67","+0:6:36","42.02"
"辽宁阜新阜新县","121.75","+0:6:56","42.07"
"辽宁阜新彰武县","122.53","+0:10:5","42.38"
"辽宁辽阳市区","123.17","+0:12:41","41.27"
"辽宁辽阳辽阳县","123.07","+0:12:41","41.22"
"辽宁辽阳灯塔市","123.33","+0:13:22","41.42"
"辽宁盘锦市区","122.07","+0:8:14","41.12"
"辽宁盘锦大洼县","122.07","+0:8:14","40.98"
"辽宁盘锦盘山县","122.02","+0:8:7","41.25"
"辽宁铁岭铁岭市","123.83","+0:15:24","42.28"
"辽宁铁岭铁岭县","123.83","+0:15:24","42.3"
"辽宁铁岭西丰县","124.72","+0:18:48","42.73"
"辽宁铁岭昌图县","124.1","+0:16:31","42.78"
"辽宁铁岭调兵山市","123.55","+0:14:2","42.47"
"辽宁铁岭开原市","124.03","+0:16:7","42.55"
"辽宁朝阳市区","120.45","+0:1:41","41.57"
"辽宁朝阳朝阳县","120.47","+0:1:41","41.58"
"辽宁朝阳建平县","119.63","-0:1:29","41.4"
"辽宁朝阳北票市","120.77","+0:3:0","41.8"
"辽宁朝阳凌源市","119.4","-0:2:31","41.25"
"辽宁葫芦岛市区","120.83","+0:2:17","40.72"
"辽宁葫芦岛绥中县","120.33","+0:1:17","40.32"
"辽宁葫芦岛建昌县","119.8","-0:0:53","40.82"
"辽宁葫芦岛兴城市","120.72","+0:2:43","40.62"
"吉林长春市区","125.32","+0:21:24","43.9"
"吉林长春农安县","125.18","+0:20:36","44.43"
"吉林长春九台市","125.83","+0:27:19","44.15"
"吉林长春榆树市","126.55","+0:26:12","44.82"
"吉林长春德惠市","125.7","+0:22:43","44.53"
"吉林吉林市区","126.55","+0:26:27","43.83"
"吉林吉林市永吉县","126.5","+0:26:17","43.67"
"吉林吉林市蛟河市","127.33","+0:29:19","43.72"
"吉林吉林市桦甸市","126.73","+0:26:53","42.97"
"吉林吉林市舒兰市","126.95","+0:27:53","44.42"
"吉林吉林市磐石市","126.05","+0:24:7","42.95"
"吉林四平市区","124.35","+0:17:29","43.17"
"吉林四平梨树县","124.33","+0:17:19","43.32"
"吉林四平伊通县","125.3","+0:21:17","43.35"
"吉林四平公主岭市","124.82","+0:18:2","43.5"
"吉林四平双辽市","123.5","+0:14:0","43.52"
"吉林辽源市区","125.13","+0:20:36","42.88"
"吉林辽源东丰县","125.53","+0:22:0","42.68"
"吉林辽源东辽县","125.0","+0:19:36","42.92"
"吉林通化市区","125.93","+0:23:41","41.73"
"吉林通化通化县","125.75","+0:23:21","41.68"
"吉林通化辉南县","126.03","+0:24:7","42.68"
"吉林通化柳河县","125.73","+0:22:48","42.28"
"吉林通化梅河口市","125.68","+0:22:18","42.53"
"吉林通化集安市","126.18","+0:24:41","41.12"
"吉林白山市区","126.42","+0:25:41","41.93"
"吉林白山抚松县","127.28","+0:29:5","42.33"
"吉林白山靖宇县","126.8","+0:27:12","42.4"
"吉林白山长白县","128.2","+0:32:41","41.42"
"吉林白山临江市","126.9","+0:27:52","41.8"
"吉林松原市区","124.82","+0:19:5","45.13"
"吉林松原长岭县","123.98","+0:15:53","44.28"
"吉林松原乾安县","124.02","+0:16:5","45.02"
"吉林松原扶余县","126.02","+0:19:17","44.98"
"吉林白城市区","122.83","+0:11:17","45.62"
"吉林白城镇赉县","123.2","+0:13:31","45.85"
"吉林白城通榆县","123.08","+0:12:31","44.82"
"吉林白城洮南市","122.78","+0:11:0","45.33"
"吉林白城大安市","124.28","+0:16:43","45.5"
"吉林延边州延吉市","129.5","+0:38:5","42.88"
"吉林延边州图们市","129.83","+0:39:19","42.97"
"吉林延边州敦化市","128.23","+0:32:43","43.37"
"吉林延边州珲春市","130.37","+0:41:24","42.87"
"吉林延边州龙井市","129.42","+0:37:25","42.77"
"吉林延边州和龙市","129.0","+0:36:0","42.53"
"吉林延边州汪清县","129.75","+0:39:0","43.32"
"吉林延边州安图县","128.9","+0:33:12","43.12"
"黑龙江哈尔滨市区","126.53","+0:26:31","45.8"
"黑龙江哈尔滨呼兰区","126.58","+0:26:19","45.9"
"黑龙江哈尔滨依兰县","129.55","+0:38:12","46.32"
"黑龙江哈尔滨方正县","128.83","+0:35:12","45.83"
"黑龙江哈尔滨宾县","127.48","+0:29:55","45.75"
"黑龙江哈尔滨巴彦县","127.4","+0:29:31","46.08"
"黑龙江哈尔滨木兰县","128.03","+0:32:7","45.95"
"黑龙江哈尔滨通河县","128.75","+0:34:48","45.97"
"黑龙江哈尔滨延寿县","128.33","+0:33:24","45.45"
"黑龙江哈尔滨双城市","126.32","+0:24:19","45.37"
"黑龙江哈尔滨尚志市","127.95","+0:31:48","45.22"
"黑龙江哈尔滨五常市","127.15","+0:28:41","44.92"
"黑龙江齐齐哈尔市区","123.95","+0:15:53","47.33"
"黑龙江齐齐哈尔龙江县","123.18","+0:12:43","47.33"
"黑龙江齐齐哈尔依安县","125.3","+0:21:12","47.88"
"黑龙江齐齐哈尔泰来县","123.42","+0:13:48","46.4"
"黑龙江齐齐哈尔甘南县","123.5","+0:13:55","47.92"
"黑龙江齐齐哈尔富裕县","124.47","+0:17:36","47.82"
"黑龙江齐齐哈尔克山县","125.87","+0:23:29","48.03"
"黑龙江齐齐哈尔克东县","126.25","+0:24:53","48.03"
"黑龙江齐齐哈尔拜泉县","126.08","+0:24:17","47.6"
"黑龙江齐齐哈尔讷河市","124.87","+0:19:24","48.48"
"黑龙江鸡西市区","130.97","+0:43:53","45.3"
"黑龙江鸡西鸡东县","131.13","+0:44:10","45.25"
"黑龙江鸡西虎林市","132.98","+0:55:53","45.77"
"黑龙江鸡西密山市","131.87","+0:47:24","45.55"
"黑龙江鹤岗市区","130.27","+0:41:12","47.33"
"黑龙江鹤岗萝北县","130.83","+0:43:19","47.58"
"黑龙江鹤岗绥滨县","131.85","+0:47:19","47.28"
"黑龙江双鸭山市区","131.15","+0:44:41","46.63"
"黑龙江双鸭山集贤县","131.13","+0:44:31","46.72"
"黑龙江双鸭山友谊县","131.8","+0:46:31","46.78"
"黑龙江双鸭山宝清县","132.2","+0:48:41","46.32"
"黑龙江双鸭山饶河县","134.02","+0:56:0","46.8"
"黑龙江大庆市区","125.03","+0:20:7","46.58"
"黑龙江大庆肇州县","125.27","+0:21:0","45.7"
"黑龙江大庆肇源县","125.08","+0:20:17","45.52"
"黑龙江大庆林甸县","124.87","+0:19:29","47.18"
"黑龙江大庆杜尔伯特县","124.45","+0:17:46","46.87"
"黑龙江伊春市区","128.9","+0:35:41","47.73"
"黑龙江伊春嘉荫县","130.38","+0:40:0","48.88"
"黑龙江伊春铁力市","128.02","+0:32:19","46.98"
"黑龙江佳木斯市区","130.37","+0:41:24","46.82"
"黑龙江佳木斯桦南县","130.57","+0:42:7","46.23"
"黑龙江佳木斯桦川县","130.72","+0:42:43","47.02"
"黑龙江佳木斯汤原县","129.9","+0:39:43","46.73"
"黑龙江佳木斯抚远县","134.28","+0:56:36","48.37"
"黑龙江佳木斯同江市","132.52","+0:50:0","47.65"
"黑龙江佳木斯富锦市","132.03","+0:48:5","47.25"
"黑龙江七台河市区","130.95","+0:43:19","45.78"
"黑龙江七台河勃利县","130.57","+0:42:7","45.75"
"黑龙江牡丹江市区","129.6","+0:38:19","44.58"
"黑龙江牡丹江东宁县","131.12","+0:44:29","44.07"
"黑龙江牡丹江林口县","130.27","+0:40:55","45.3"
"黑龙江牡丹江绥芬河市","131.15","+0:44:41","44.42"
"黑龙江牡丹江海林市","129.38","+0:37:24","44.57"
"黑龙江牡丹江宁安市","129.47","+0:37:53","44.35"
"黑龙江牡丹江穆棱市","130.52","+0:42:0","44.92"
"黑龙江黑河市区","127.48","+0:30:7","50.25"
"黑龙江黑河逊克县","128.47","+0:33:41","49.58"
"黑龙江黑河孙吴县","127.32","+0:30:0","49.42"
"黑龙江黑河北安市","126.52","+0:26:0","48.23"
"黑龙江黑河五大连池市","126.2","+0:25:0","48.52"
"黑龙江绥化市区","126.98","+0:28:0","46.63"
"黑龙江绥化望奎县","126.48","+0:26:0","46.83"
"黑龙江绥化兰西县","126.28","+0:25:12","46.27"
"黑龙江绥化青冈县","126.1","+0:24:31","46.68"
"黑龙江绥化庆安县","127.52","+0:30:0","46.88"
"黑龙江绥化明水县","125.9","+0:23:31","47.18"
"黑龙江绥化绥棱县","127.1","+0:28:29","47.25"
"黑龙江绥化安达市","125.33","+0:21:19","46.4"
"黑龙江绥化肇东市","125.98","+0:23:55","46.07"
"黑龙江绥化海伦市","126.97","+0:27:53","47.47"
"黑龙江大兴安岭地区加格达奇区","124.12","+0:16:36","50.42"
"黑龙江大兴安岭地区呼玛县","126.65","+0:26:24","51.73"
"黑龙江大兴安岭地区塔河县","124.7","+0:18:48","52.32"
"黑龙江大兴安岭地区漠河县","122.53","+0:9:29","52.97"
"江苏南京市区","118.78","-0:4:53","32.07"
"江苏南京江宁区","118.85","-0:4:41","31.95"
"江苏南京六合区","118.83","-0:4:41","32.35"
"江苏南京溧水县","119.02","-0:3:55","31.65"
"江苏南京高淳县","118.88","-0:4:31","31.33"
"江苏无锡市区","120.3","+0:1:10","31.57"
"江苏无锡江阴市","120.27","+0:1:10","31.9"
"江苏无锡宜兴市","119.82","-0:0:43","31.35"
"江苏徐州市区","117.18","-0:11:12","34.27"
"江苏徐州丰县","116.6","-0:13:43","34.7"
"江苏徐州沛县","116.93","-0:12:17","34.73"
"江苏徐州铜山县","117.17","-0:11:12","34.18"
"江苏徐州睢宁县","117.95","-0:8:14","33.9"
"江苏徐州新沂市","118.353","-0:6:41","34.38"
"江苏徐州邳州市","117.95","-0:8:7","34.32"
"江苏常州市区","119.95","-0:0:12","31.78"
"江苏常州溧阳市","119.48","-0:2:5","31.42"
"江苏常州金坛市","119.57","-0:1:46","31.75"
"江苏苏州市区","120.58","+0:2:29","31.3"
"江苏苏州常熟市","120.75","+0:2:58","31.65"
"江苏苏州张家港市","120.55","+0:2:38","31.87"
"江苏苏州昆山市","120.98","+0:3:48","31.38"
"江苏苏州吴江市","120.63","+0:2:29","31.17"
"江苏苏州太仓市","121.1","+0:4:24","31.45"
"江苏南通市区","120.88","+0:3:26","31.98"
"江苏南通海安县","120.45","+0:1:48","32.55"
"江苏南通如东县","121.18","+0:4:43","32.32"
"江苏南通启东市","121.65","+0:6:38","31.82"
"江苏南通如皋市","120.57","+0:2:14","32.4"
"江苏南通通州市","121.07","+0:3:14","32.08"
"江苏南通海门市","121.17","+0:4:36","31.9"
"江苏连云港市区","119.22","-0:3:22","34.6"
"江苏连云港赣榆县","119.12","-0:3:34","34.83"
"江苏连云港东海县","118.77","-0:4:34","34.53"
"江苏连云港灌云县","119.25","-0:3:5","34.3"
"江苏连云港灌南县","119.35","-0:3:34","34.08"
"江苏淮安市区","119.02","-0:3:24","33.62"
"江苏淮安涟水县","119.27","-0:2:58","33.78"
"江苏淮安洪泽县","118.83","-0:4:36","33.3"
"江苏淮安盱眙县","118.48","-0:7:48","33.0"
"江苏淮安金湖县","119.02","-0:3:55","33.02"
"江苏盐城市区","120.15","+0:0:31","33.35"
"江苏盐城响水县","119.57","-0:1:46","34.2"
"江苏盐城滨海县","119.83","-0:0:38","33.98"
"江苏盐城阜宁县","119.8","-0:0:50","33.78"
"江苏盐城射阳县","120.25","+0:1:2","33.78"
"江苏盐城建湖县","119.8","-0:0:55","33.47"
"江苏盐城东台市","120.3","+0:1:14","32.85"
"江苏盐城大丰市","120.47","+0:1:48","33.2"
"江苏扬州市区","119.4","-0:2:19","32.4"
"江苏扬州宝应县","119.3","-0:2:43","33.23"
"江苏扬州仪征市","119.18","-0:3:22","32.27"
"江苏扬州高邮市","119.43","-0:2:12","32.78"
"江苏扬州江都市","119.55","-0:1:48","32.43"
"江苏镇江市区","119.45","-0:2:14","32.2"
"江苏镇江丹阳市","119.57","-0:2:14","32.0"
"江苏镇江扬中市","119.82","-0:0:46","32.23"
"江苏镇江句容市","119.17","-0:3:22","31.95"
"江苏泰州市区","119.92","-0:0:24","32.45"
"江苏泰州兴化市","119.85","-0:0:43","32.92"
"江苏泰州靖江市","120.27","+0:1:2","32.02"
"江苏泰州泰兴市","120.02","+0:0:5","32.17"
"江苏泰州姜堰市","120.15","+0:0:35","32.52"
"江苏宿迁市区","118.28","-0:6:48","33.97"
"江苏宿迁沭阳县","118.77","-0:4:50","34.13"
"江苏宿迁泗阳县","118.68","-0:5:17","33.72"
"江苏宿迁泗洪县","118.22","-0:7:5","33.47"
"浙江杭州市区","120.15","+0:0:46","30.28"
"浙江杭州余杭区","120.3","+0:1:12","30.42"
"浙江杭州桐庐县","119.67","-0:1:26","29.8"
"浙江杭州淳安县","119.03","-0:3:48","29.6"
"浙江杭州建德市","119.28","-0:2:55","29.48"
"浙江杭州富阳市","119.95","-0:0:12","30.05"
"浙江杭州临安市","119.72","-0:1:7","30.23"
"浙江宁波市区","121.55","+0:6:14","29.88"
"浙江宁波镇海区","121.72","+0:6:53","29.95"
"浙江宁波鄞州区","121.53","+0:6:14","29.83"
"浙江宁波象山县","121.87","+0:7:12","29.48"
"浙江宁波宁海县","121.43","+0:5:41","29.28"
"浙江宁波余姚市","121.15","+0:4:38","30.03"
"浙江宁波慈溪市","121.23","+0:4:55","30.17"
"浙江宁波奉化市","121.4","+0:5:38","29.65"
"浙江温州市区","120.7","+0:2:36","28.0"
"浙江温州洞头县","121.15","+0:4:29","27.83"
"浙江温州永嘉县","120.68","+0:2:43","28.15"
"浙江温州平阳县","120.57","+0:2:12","27.67"
"浙江温州苍南县","120.4","+0:1:26","27.5"
"浙江温州文成县","120.08","+0:0:19","27.78"
"浙江温州泰顺县","119.72","-0:1:12","27.57"
"浙江温州瑞安市","120.63","+0:2:29","27.78"
"浙江温州乐清市","120.95","+0:3:46","28.13"
"浙江嘉兴市区","120.75","+0:3:2","30.75"
"浙江嘉兴嘉善县","120.92","+0:3:41","30.85"
"浙江嘉兴海盐县","120.95","+0:3:41","30.53"
"浙江嘉兴海宁市","120.68","+0:2:46","30.53"
"浙江嘉兴平湖市","121.02","+0:4:5","30.7"
"浙江嘉兴桐乡市","120.57","+0:2:10","30.63"
"浙江湖州市区","120.08","+0:0:24","30.9"
"浙江湖州德清县","119.97","+0:0:19","30.53"
"浙江湖州长兴县","119.9","-0:0:22","31.02"
"浙江湖州安吉县","119.68","-0:1:17","30.63"
"浙江绍兴市区","120.57","+0:2:19","30.0"
"浙江绍兴绍兴县","120.47","+0:2:19","30.08"
"浙江绍兴新昌县","120.9","+0:3:34","29.5"
"浙江绍兴诸暨市","120.23","+0:0:55","29.72"
"浙江绍兴上虞市","120.87","+0:3:29","30.03"
"浙江绍兴嵊州市","120.82","+0:3:14","29.58"
"浙江金华市区","119.65","-0:1:26","29.08"
"浙江金华武义县","119.82","-0:0:46","28.9"
"浙江金华浦江县","119.88","-0:0:29","29.45"
"浙江金华磐安县","120.43","+0:1:50","29.05"
"浙江金华兰溪市","119.45","-0:2:5","29.22"
"浙江金华义乌市","120.07","+0:0:14","29.3"
"浙江金华东阳市","120.23","+0:0:55","29.28"
"浙江金华永康市","120.03","+0:0:5","28.9"
"浙江衢州市区","118.87","-0:4:29","28.93"
"浙江衢州常山县","118.52","-0:6:0","28.9"
"浙江衢州开化县","118.42","-0:6:26","29.13"
"浙江衢州龙游县","119.17","-0:3:35","29.03"
"浙江衢州江山市","118.62","-0:5:34","28.75"
"浙江舟山市区","122.2","+0:8:26","30.0"
"浙江舟山定海区","122.1","+0:8:26","30.02"
"浙江舟山普陀区","122.3","+0:9:12","29.95"
"浙江舟山岱山县","122.2","+0:8:48","30.25"
"浙江舟山嵊泗县","122.45","+0:9:48","30.73"
"浙江台州市区","121.43","+0:5:46","28.68"
"浙江台州椒江区","121.43","+0:5:46","28.68"
"浙江台州黄岩区","121.27","+0:5:5","28.65"
"浙江台州路桥区","121.38","+0:5:35","28.58"
"浙江台州玉环县","121.23","+0:4:55","28.13"
"浙江台州三门县","121.38","+0:5:31","29.12"
"浙江台州天台县","121.03","+0:4:7","29.13"
"浙江台州仙居县","120.73","+0:2:55","28.87"
"浙江台州温岭市","121.37","+0:5:26","28.37"
"浙江台州临海市","121.12","+0:4:31","28.85"
"浙江丽水市区","119.92","-0:0:19","28.45"
"浙江丽水青田县","120.28","+0:1:7","28.15"
"浙江丽水缙云县","120.07","+0:2:24","28.65"
"浙江丽水遂昌县","119.27","-0:3:0","28.6"
"浙江丽水松阳县","119.48","-0:2:5","28.45"
"浙江丽水云和县","119.57","-0:1:46","28.12"
"浙江丽水庆元县","119.05","-0:3:46","27.62"
"浙江丽水景宁县","119.63","-0:1:46","27.98"
"浙江丽水龙泉市","119.13","-0:3:29","28.08"
"安徽合肥市区","117.25","-0:10:55","31.83"
"安徽合肥长丰县","117.17","-0:11:22","32.48"
"安徽合肥肥东县","117.47","-0:10:7","31.88"
"安徽合肥肥西县","117.17","-0:11:24","31.72"
"安徽芜湖市区","118.38","-0:6:29","31.33"
"安徽芜湖芜湖县","118.57","-0:6:59","31.15"
"安徽芜湖繁昌县","118.2","-0:7:10","31.08"
"安徽芜湖南陵县","118.33","-0:6:43","30.92"
"安徽蚌埠市区","117.38","-0:10:38","32.92"
"安徽蚌埠怀远县","117.18","-0:11:14","32.97"
"安徽蚌埠五河县","117.88","-0:8:31","33.15"
"安徽蚌埠固镇县","117.32","-0:10:43","33.32"
"安徽淮南市区","117.0","-0:12:5","32.63"
"安徽淮南凤台县","116.72","-0:13:10","32.7"
"安徽马鞍山市区","118.5","-0:6:5","31.7"
"安徽马鞍山当涂县","118.48","-0:6:2","31.55"
"安徽淮北市区","116.8","-0:12:55","33.95"
"安徽淮北濉溪县","116.77","-0:12:58","33.92"
"安徽铜陵市区","117.82","-0:8:43","30.93"
"安徽铜陵铜陵县","117.78","-0:8:53","30.95"
"安徽安庆市区","117.05","-0:11:53","30.53"
"安徽安庆怀宁县","116.83","-0:13:29","30.72"
"安徽安庆枞阳县","117.2","-0:11:10","30.7"
"安徽安庆潜山县","116.57","-0:13:53","30.63"
"安徽安庆太湖县","116.27","-0:14:55","30.43"
"安徽安庆宿松县","116.12","-0:15:29","30.15"
"安徽安庆望江县","116.68","-0:13:14","30.13"
"安徽安庆岳西县","116.35","-0:14:34","30.85"
"安徽安庆桐城市","116.95","-0:12:14","31.05"
"安徽黄山市区","118.33","-0:6:34","29.72"
"安徽黄山歙县","118.43","-0:6:14","29.87"
"安徽黄山休宁县","118.18","-0:7:14","29.78"
"安徽黄山黟县","117.93","-0:8:19","29.93"
"安徽黄山祁门县","117.72","-0:9:12","29.87"
"安徽滁州市区","118.32","-0:6:46","32.3"
"安徽滁州来安县","118.43","-0:6:14","32.45"
"安徽滁州全椒县","118.27","-0:6:55","32.1"
"安徽滁州定远县","117.67","-0:9:17","32.53"
"安徽滁州凤阳县","117.57","-0:10:24","32.87"
"安徽滁州天长市","119.0","-0:4:0","32.7"
"安徽滁州明光市","117.98","-0:8:32","32.78"
"安徽阜阳市区","115.82","-0:16:46","32.9"
"安徽阜阳临泉县","115.25","-0:19:2","33.07"
"安徽阜阳太和县","115.62","-0:17:34","33.17"
"安徽阜阳阜南县","115.58","-0:17:36","32.63"
"安徽阜阳颍上县","116.27","-0:14:58","32.63"
"安徽宿州市区","116.98","-0:12:7","33.63"
"安徽宿州砀山县","116.35","-0:14:38","34.42"
"安徽宿州萧县","116.93","-0:12:17","34.18"
"安徽宿州灵璧县","117.55","-0:9:48","33.55"
"安徽宿州泗县","117.88","-0:8:26","33.48"
"安徽巢湖市区","117.87","-0:8:31","31.6"
"安徽巢湖庐江县","117.28","-0:10:50","31.25"
"安徽巢湖无为县","117.92","-0:9:0","31.3"
"安徽巢湖含山县","118.1","-0:7:34","31.72"
"安徽巢湖和县","118.37","-0:6:31","31.72"
"安徽六安市区","116.5","-0:14:2","31.77"
"安徽六安寿县","116.78","-0:12:53","32.58"
"安徽六安霍邱县","116.27","-0:14:55","32.33"
"安徽六安舒城县","116.93","-0:12:14","31.47"
"安徽六安金寨县","115.92","-0:16:31","31.72"
"安徽六安霍山县","116.33","-0:14:43","31.4"
"安徽亳州市区","115.78","-0:17:11","33.85"
"安徽亳州涡阳县","116.22","-0:15:10","33.52"
"安徽亳州蒙城县","116.57","-0:13:48","33.27"
"安徽亳州利辛县","116.2","-0:15:14","33.15"
"安徽池州市区","117.48","-0:10:2","30.67"
"安徽池州东至县","117.02","-0:12:2","30.1"
"安徽池州石台县","117.48","-0:10:5","30.22"
"安徽池州青阳县","117.85","-0:8:38","30.65"
"安徽宣城市区","118.75","-0:5:5","30.95"
"安徽宣城郎溪县","119.17","-0:3:19","31.13"
"安徽宣城广德县","119.42","-0:2:22","30.9"
"安徽宣城泾县","118.4","-0:6:22","30.7"
"安徽宣城绩溪县","118.6","-0:5:43","30.07"
"安徽宣城旌德县","118.53","-0:5:53","30.28"
"安徽宣城宁国市","118.98","-0:4:12","30.63"
"福建福州市区","119.3","-0:2:48","26.08"
"福建福州闽侯县","119.13","-0:3:26","26.15"
"福建福州连江县","119.53","-0:1:53","26.2"
"福建福州罗源县","119.55","-0:1:48","26.48"
"福建福州闽清县","118.85","-0:4:34","26.22"
"福建福州永泰县","118.93","-0:4:12","25.87"
"福建福州平潭县","119.78","-0:0:53","25.52"
"福建福州福清市","119.38","-0:2:26","25.72"
"福建福州长乐市","119.52","-0:1:55","25.97"
"福建厦门市区","118.08","-0:7:36","24.48"
"福建莆田市区","119.0","-0:4:0","25.43"
"福建莆田仙游县","118.68","-0:5:12","25.37"
"福建三明区市","117.62","-0:9:34","26.27"
"福建三明明溪县","117.2","-0:11:17","26.37"
"福建三明清流县","116.82","-0:12:46","26.18"
"福建三明宁化县","116.65","-0:13:26","26.27"
"福建三明大田县","117.85","-0:8:41","25.7"
"福建三明尤溪县","118.18","-0:7:19","26.17"
"福建三明沙县","117.78","-0:8:55","26.4"
"福建三明将乐县","117.47","-0:10:12","26.73"
"福建三明泰宁县","117.17","-0:11:24","26.9"
"福建三明建宁县","116.83","-0:12:43","26.83"
"福建三明永安市","117.37","-0:10:31","25.98"
"福建泉州市区","118.67","-0:5:41","24.88"
"福建泉州惠安县","118.8","-0:4:53","25.03"
"福建泉州安溪县","118.18","-0:7:17","25.07"
"福建泉州永春县","118.3","-0:6:48","25.32"
"福建泉州德化县","118.23","-0:7:2","25.5"
"福建泉州金门县","118.32","-0:6:38","24.43"
"福建泉州石狮市","118.65","-0:5:38","24.73"
"福建泉州晋江市","118.58","-0:5:43","24.82"
"福建泉州南安市","118.38","-0:6:26","24.97"
"福建漳州市区","117.65","-0:10:36","24.52"
"福建漳州云霄县","117.33","-0:10:38","23.95"
"福建漳州漳浦县","117.62","-0:9:34","24.13"
"福建漳州诏安县","117.18","-0:11:22","23.72"
"福建漳州长泰县","117.75","-0:9:0","24.62"
"福建漳州东山县","117.43","-0:10:24","23.7"
"福建漳州南靖县","117.37","-0:10:36","24.52"
"福建漳州平和县","117.3","-0:10:48","24.37"
"福建漳州华安县","117.53","-0:9:53","25.02"
"福建漳州龙海市","117.82","-0:8:50","24.45"
"福建南平市区","118.17","-0:7:22","26.65"
"福建南平顺昌县","117.8","-0:8:48","26.8"
"福建南平浦城县","118.53","-0:5:48","27.92"
"福建南平光泽县","117.33","-0:10:38","27.55"
"福建南平松溪县","118.78","-0:4:55","27.53"
"福建南平政和县","118.85","-0:4:36","27.37"
"福建南平邵武市","117.48","-0:10:5","27.37"
"福建南平武夷山市","118.03","-0:7:43","27.77"
"福建南平建瓯市","118.32","-0:6:43","27.03"
"福建南平建阳市","118.12","-0:7:13","27.33"
"福建龙岩市区","117.03","-0:11:58","25.1"
"福建龙岩长汀县","116.35","-0:14:31","25.83"
"福建龙岩永定县","116.73","-0:12:46","24.72"
"福建龙岩上杭县","116.42","-0:14:22","25.05"
"福建龙岩武平县","116.1","-0:15:36","25.1"
"福建龙岩连城县","116.75","-0:13:0","25.72"
"福建龙岩漳平市","117.42","-0:10:24","25.3"
"福建宁德市区","119.52","-0:1:55","26.67"
"福建宁德霞浦县","120.0","+0:0:0","26.88"
"福建宁德古田县","118.75","-0:5:2","26.58"
"福建宁德屏南县","118.98","-0:4:5","26.92"
"福建宁德寿宁县","119.5","-0:2:0","27.47"
"福建宁德周宁县","119.33","-0:2:34","27.12"
"福建宁德柘荣县","119.9","-0:0:26","27.23"
"福建宁德福安市","119.65","-0:1:24","27.08"
"福建宁德福鼎市","120.22","+0:0:48","27.33"
"江西南昌市区","115.85","-0:16:26","28.68"
"江西南昌南昌县","115.93","-0:16:26","28.55"
"江西南昌新建县","115.82","-0:16:48","28.7"
"江西南昌安义县","115.55","-0:17:48","28.85"
"江西南昌进贤县","116.27","-0:14:58","28.37"
"江西景德镇市区","117.17","-0:11:7","29.27"
"江西景德镇浮梁县","117.25","-0:11:20","29.37"
"江西景德镇乐平市","117.12","-0:11:31","28.97"
"江西萍乡市区","113.85","-0:24:36","27.63"
"江西萍乡莲花县","113.95","-0:24:14","27.13"
"江西萍乡上栗县","113.8","-0:24:56","27.88"
"江西萍乡芦溪县","114.03","-0:23:46","27.63"
"江西九江市区","116.0","-0:16:7","29.7"
"江西九江九江县","115.88","-0:16:7","29.62"
"江西九江武宁县","115.1","-0:19:38","29.27"
"江西九江修水县","114.57","-0:21:48","29.03"
"江西九江永修县","115.8","-0:16:43","29.03"
"江西九江德安县","115.77","-0:17:0","29.33"
"江西九江星子县","116.03","-0:15:53","29.45"
"江西九江都昌县","116.18","-0:15:14","29.27"
"江西九江湖口县","116.22","-0:15:5","29.73"
"江西九江彭泽县","116.55","-0:13:46","29.9"
"江西九江瑞昌市","115.65","-0:17:24","29.68"
"江西新余市区","114.92","-0:20:19","27.82"
"江西新余分宜县","114.67","-0:21:17","27.82"
"江西鹰潭市区","117.07","-0:11:55","28.27"
"江西鹰潭余江县","116.82","-0:12:43","28.2"
"江西鹰潭贵溪市","117.22","-0:11:12","28.28"
"江西赣州市区","114.93","-0:20:19","25.83"
"江西赣州赣县","115.0","-0:23:55","25.87"
"江西赣州信丰县","114.93","-0:20:14","25.38"
"江西赣州大余县","114.35","-0:22:34","25.4"
"江西赣州上犹县","114.53","-0:21:48","25.8"
"江西赣州崇义县","114.3","-0:22:46","25.7"
"江西赣州安远县","115.41","-0:18:22","25.13"
"江西赣州龙南县","114.78","-0:20:50","24.92"
"江西赣州定南县","115.03","-0:19:55","24.78"
"江西赣州全南县","114.52","-0:21:53","24.75"
"江西赣州宁都县","116.02","-0:16:0","26.48"
"江西赣州于都县","115.42","-0:18:26","25.95"
"江西赣州兴国县","115.35","-0:18:41","26.33"
"江西赣州会昌县","115.78","-0:16:50","25.6"
"江西赣州寻乌县","115.65","-0:17:26","24.95"
"江西赣州石城县","116.33","-0:14:43","26.33"
"江西赣州瑞金市","116.03","-0:15:55","25.88"
"江西赣州南康市","114.75","-0:21:0","25.65"
"江西吉安市区","114.98","-0:20:7","27.12"
"江西吉安吉安县","114.9","-0:20:7","27.05"
"江西吉安吉水县","115.13","-0:19:26","27.22"
"江西吉安峡江县","115.33","-0:19:24","27.62"
"江西吉安新干县","115.4","-0:18:24","27.77"
"江西吉安永丰县","115.43","-0:18:19","27.32"
"江西吉安泰和县","114.88","-0:20:29","26.8"
"江西吉安遂川县","114.52","-0:22:0","26.33"
"江西吉安万安县","114.78","-0:20:55","26.47"
"江西吉安安福县","114.62","-0:21:31","27.38"
"江西吉安永新县","114.23","-0:23:5","26.95"
"江西吉安井冈山市","114.27","-0:23:19","26.72"
"江西宜春市区","114.38","-0:22:29","27.8"
"江西宜春奉新县","115.38","-0:18:29","28.7"
"江西宜春万载县","114.43","-0:22:14","28.12"
"江西宜春上高县","114.92","-0:20:22","28.23"
"江西宜春宜丰县","114.78","-0:20:53","28.38"
"江西宜春靖安县","115.35","-0:18:31","28.87"
"江西宜春铜鼓县","114.37","-0:22:31","28.53"
"江西宜春丰城市","115.78","-0:17:12","28.2"
"江西宜春樟树市","115.53","-0:17:59","28.07"
"江西宜春高安市","115.37","-0:18:29","28.42"
"江西抚州市区","116.35","-0:14:38","28.0"
"江西抚州南城县","116.63","-0:13:31","27.55"
"江西抚州黎川县","116.92","-0:12:22","27.3"
"江西抚州南丰县","116.53","-0:13:55","27.22"
"江西抚州崇仁县","116.05","-0:15:48","27.77"
"江西抚州乐安县","115.83","-0:16:43","27.43"
"江西抚州宜黄县","116.22","-0:15:12","27.55"
"江西抚州金溪县","116.77","-0:12:55","27.92"
"江西抚州资溪县","117.07","-0:11:46","27.7"
"江西抚州东乡县","116.62","-0:13:34","28.23"
"江西抚州广昌县","116.32","-0:14:43","26.83"
"江西上饶市区","117.97","-0:8:7","28.45"
"江西上饶上饶县","117.92","-0:8:7","28.43"
"江西上饶广丰县","118.18","-0:7:12","28.43"
"江西上饶玉山县","118.255","-0:7:0","28.68"
"江西上饶铅山县","117.7","-0:9:10","28.32"
"江西上饶横峰县","117.6","-0:9:31","28.42"
"江西上饶弋阳县","117.43","-0:10:17","28.4"
"江西上饶余干县","116.68","-0:13:14","28.7"
"江西上饶鄱阳县","116.67","-0:13:17","29.0"
"江西上饶万年县","117.07","-0:11:41","28.7"
"江西上饶婺源县","117.85","-0:8:41","29.25"
"江西上饶德兴市","117.57","-0:9:41","28.95"
"山东济南市区","116.98","-0:12:0","36.67"
"山东济南平阴县","116.45","-0:14:10","36.28"
"山东济南济阳县","117.22","-0:11:12","36.98"
"山东济南商河县","117.15","-0:11:24","37.32"
"山东济南章丘市","117.53","-0:9:53","36.72"
"山东青岛市区","120.38","+0:1:19","36.07"
"山东青岛崂山区","120.42","+0:1:41","36.15"
"山东青岛胶州市","120.03","+0:0:0","36.27"
"山东青岛即墨市","120.45","+0:1:48","36.38"
"山东青岛平度市","119.95","-0:0:7","36.78"
"山东青岛胶南市","120.03","-0:0:7","35.87"
"山东青岛莱西市","120.5","+0:2:7","36.87"
"山东淄博市区","118.05","-0:7:48","36.82"
"山东淄博桓台县","118.08","-0:7:31","36.97"
"山东淄博高青县","117.82","-0:9:22","37.17"
"山东淄博沂源县","118.17","-0:7:19","36.18"
"山东枣庄枣庄市","117.32","-0:9:43","34.82"
"山东枣庄滕州市","117.15","-0:11:19","35.08"
"山东东营市区","118.67","-0:6:2","37.43"
"山东东营垦利县","118.55","-0:5:50","37.58"
"山东东营利津县","118.25","-0:7:0","37.48"
"山东东营广饶县","118.4","-0:6:22","37.07"
"山东烟台市区","121.43","+0:5:34","37.45"
"山东烟台长岛县","120.73","+0:2:55","37.92"
"山东烟台龙口市","120.52","+0:2:25","37.65"
"山东烟台莱阳市","120.7","+0:2:50","36.98"
"山东烟台莱州市","119.93","-0:0:42","37.18"
"山东烟台蓬莱市","120.75","+0:3:0","37.82"
"山东烟台招远市","120.4","+0:1:31","37.37"
"山东烟台栖霞市","120.83","+0:3:19","37.3"
"山东烟台海阳市","121.15","+0:4:41","36.78"
"山东潍坊市区","119.15","-0:3:36","36.7"
"山东潍坊临朐县","118.53","-0:5:53","36.52"
"山东潍坊昌乐县","118.82","-0:4:41","36.7"
"山东潍坊青州市","118.47","-0:5:41","36.68"
"山东潍坊诸城市","119.4","-0:2:19","36.0"
"山东潍坊寿光市","118.73","-0:5:5","36.88"
"山东潍坊安丘市","119.2","-0:3:12","36.43"
"山东潍坊高密市","119.75","-0:1:0","36.38"
"山东潍坊昌邑市","119.4","-0:2:22","36.87"
"山东济宁市区","116.58","-0:13:38","35.42"
"山东济宁微山县","117.13","-0:11:31","34.82"
"山东济宁鱼台县","116.65","-0:13:24","35.0"
"山东济宁金乡县","116.3","-0:14:43","35.07"
"山东济宁嘉祥县","116.33","-0:14:38","35.42"
"山东济宁汶上县","116.48","-0:14:2","35.73"
"山东济宁泗水县","117.27","-0:10:55","35.67"
"山东济宁梁山县","116.08","-0:15:36","35.8"
"山东济宁曲阜市","116.98","-0:12:5","35.58"
"山东济宁兖州市","116.83","-0:12:41","35.55"
"山东济宁邹城市","116.97","-0:12:7","35.4"
"山东泰安市区","117.08","-0:11:29","36.2"
"山东泰安宁阳县","116.8","-0:12:48","35.77"
"山东泰安东平县","116.47","-0:14:48","35.93"
"山东泰安新泰市","117.77","-0:8:58","35.92"
"山东泰安肥城市","116.77","-0:12:58","36.18"
"山东威海市区","122.12","+0:8:24","37.52"
"山东威海文登市","122.05","+0:8:12","37.2"
"山东威海荣成市","122.42","+0:9:38","37.17"
"山东威海乳山市","121.53","+0:6:5","36.92"
"山东日照市区","119.52","-0:2:10","35.42"
"山东日照五莲县","119.2","-0:3:12","35.75"
"山东日照莒县","118.83","-0:4:12","35.58"
"山东莱芜市区","117.67","-0:9:19","36.22"
"山东临沂市区","118.35","-0:6:36","35.05"
"山东临沂沂南县","118.47","-0:6:7","35.55"
"山东临沂郯城县","118.35","-0:6:36","34.62"
"山东临沂沂水县","118.62","-0:5:26","35.78"
"山东临沂苍山县","118.05","-0:7:53","34.85"
"山东临沂费县","117.97","-0:8:7","35.27"
"山东临沂平邑县","117.63","-0:9:29","35.5"
"山东临沂莒南县","118.83","-0:4:41","35.18"
"山东临沂蒙阴县","117.93","-0:8:12","35.72"
"山东临沂临沭县","118.65","-0:5:5","34.92"
"山东德州市区","116.3","-0:14:50","37.45"
"山东德州陵县","116.57","-0:13:41","37.33"
"山东德州宁津县","116.78","-0:12:48","37.65"
"山东德州庆云县","117.38","-0:10:31","37.78"
"山东德州临邑县","116.87","-0:12:34","37.18"
"山东德州齐河县","116.75","-0:12:58","36.8"
"山东德州平原县","116.43","-0:14:14","37.17"
"山东德州夏津县","116.0","-0:16:0","36.95"
"山东德州武城县","116.07","-0:15:41","37.22"
"山东德州乐陵市","117.23","-0:11:7","37.73"
"山东德州禹城市","116.63","-0:13:22","36.93"
"山东聊城市区","115.98","-0:16:7","36.45"
"山东聊城阳谷县","115.78","-0:16:53","36.12"
"山东聊城莘县","115.67","-0:17:19","36.23"
"山东聊城茌平县","116.25","-0:14:55","36.58"
"山东聊城东阿县","116.25","-0:15:5","36.33"
"山东聊城冠县","115.43","-0:18:12","36.48"
"山东聊城高唐县","116.23","-0:15:5","36.87"
"山东聊城临清市","115.7","-0:17:7","36.85"
"山东滨州市区","117.97","-0:7:53","37.38"
"山东滨州惠民县","117.5","-0:9:58","37.48"
"山东滨州阳信县","117.58","-0:9:41","37.63"
"山东滨州无棣县","117.6","-0:9:41","37.73"
"山东滨州沾化县","118.13","-0:7:26","37.7"
"山东滨州博兴县","118.13","-0:7:31","37.15"
"山东滨州邹平县","117.73","-0:9:0","36.88"
"山东菏泽市区","115.43","-0:18:03","35.25"
"山东菏泽曹县","115.53","-0:17:53","34.83"
"山东菏泽单县","116.08","-0:15:43","34.8"
"山东菏泽成武县","115.88","-0:16:29","34.95"
"山东菏泽巨野县","116.08","-0:15:41","35.4"
"山东菏泽郓城县","115.93","-0:16:14","35.6"
"山东菏泽鄄城县","115.5","-0:18:0","35.57"
"山东菏泽定陶县","115.57","-0:17:43","35.07"
"山东菏泽东明县","115.08","-0:19:41","35.28"
"河南郑州市区","113.62","-0:25:24","34.75"
"河南郑州中牟县","113.97","-0:24:0","34.72"
"河南郑州巩义市","112.98","-0:25:36","34.77"
"河南郑州荥阳市","113.4","-0:26:36","34.78"
"河南郑州新密市","113.38","-0:26:36","34.53"
"河南郑州新郑市","113.73","-0:25:10","34.4"
"河南郑州登封市","113.03","-0:27:55","34.47"
"河南开封市区","114.3","-0:22:36","34.8"
"河南开封杞县","114.78","-0:20:55","34.55"
"河南开封通许县","114.47","-0:22:10","34.48"
"河南开封尉氏县","114.18","-0:23:19","34.42"
"河南开封开封县","114.43","-0:27:55","34.77"
"河南开封兰考县","114.82","-0:20:46","34.82"
"河南洛阳市区","112.45","-0:30:14","34.62"
"河南洛阳孟津县","112.43","-0:30:19","34.83"
"河南洛阳新安县","112.15","-0:31:26","34.72"
"河南洛阳栾川县","111.62","-0:33:36","33.78"
"河南洛阳嵩县","112.1","-0:31:43","34.15"
"河南洛阳汝阳县","112.47","-0:30:10","34.15"
"河南洛阳宜阳县","112.17","-0:31:24","34.52"
"河南洛阳洛宁县","111.65","-0:33:24","34.38"
"河南洛阳伊川县","112.42","-0:30:19","34.42"
"河南洛阳偃师市","112.78","-0:28:55","34.73"
"河南平顶山市区","113.18","-0:26:50","33.77"
"河南平顶山宝丰县","113.07","-0:27:50","33.88"
"河南平顶山叶县","113.35","-0:26:36","33.62"
"河南平顶山鲁山县","112.9","-0:28:29","33.73"
"河南平顶山郏县","113.22","-0:27:14","33.97"
"河南平顶山舞钢市","113.52","-0:27:36","33.3"
"河南平顶山汝州市","112.83","-0:28:59","34.17"
"河南安阳市区","114.38","-0:22:36","36.1"
"河南安阳安阳县","114.35","-0:22:36","36.1"
"河南安阳汤阴县","114.35","-0:22:36","35.92"
"河南安阳滑县","114.52","-0:21:55","35.58"
"河南安阳内黄县","114.9","-0:20:29","35.95"
"河南安阳林州市","113.82","-0:24:46","36.07"
"河南鹤壁市区","114.28","-0:23:19","35.75"
"河南鹤壁浚县","114.55","-0:21:50","35.67"
"河南鹤壁淇县","114.2","-0:23:19","35.6"
"河南新乡市区","113.9","-0:24:36","35.3"
"河南新乡新乡县","113.8","-0:24:36","35.2"
"河南新乡获嘉县","113.65","-0:25:29","35.27"
"河南新乡原阳县","113.97","-0:24:10","35.05"
"河南新乡延津县","114.2","-0:23:14","35.15"
"河南新乡封丘县","114.42","-0:23:50","35.05"
"河南新乡长垣县","114.68","-0:21:19","35.2"
"河南新乡卫辉市","114.07","-0:23:04","35.4"
"河南新乡辉县市","113.8","-0:24:55","35.47"
"河南焦作市区","113.25","-0:27:10","35.22"
"河南焦作修武县","113.43","-0:26:19","35.23"
"河南焦作博爱县","113.07","-0:27:48","35.17"
"河南焦作武陟县","113.38","-0:26:29","35.1"
"河南焦作温县","113.08","-0:27:48","34.93"
"河南焦作济源市","112.58","-0:29:43","35.07"
"河南焦作沁阳市","112.93","-0:28:19","35.08"
"河南焦作孟州市","112.78","-0:29:09","34.9"
"河南濮阳市区","115.03","-0:20:5","35.77"
"河南濮阳清丰县","115.12","-0:19:36","35.9"
"河南濮阳南乐县","115.2","-0:19:10","36.08"
"河南濮阳范县","115.5","-0:18:10","35.87"
"河南濮阳台前县","115.85","-0:16:41","36.0"
"河南濮阳濮阳县","115.02","-0:20:5","35.7"
"河南许昌市区","113.85","-0:24:46","34.03"
"河南许昌许昌县","113.83","-0:24:46","34.0"
"河南许昌鄢陵县","114.2","-0:23:19","34.1"
"河南许昌襄城县","113.48","-0:26:10","33.85"
"河南许昌禹州市","113.47","-0:26:10","34.17"
"河南许昌长葛市","113.77","-0:24:55","34.22"
"河南漯河市区","114.02","-0:23:55","33.58"
"河南漯河舞阳县","113.6","-0:25:41","33.43"
"河南漯河临颍县","113.93","-0:24:14","33.82"
"河南三门峡市区","111.2","-0:35:14","34.78"
"河南三门峡渑池县","111.75","-0:33:0","34.77"
"河南三门峡陕县","111.08","-0:35:14","34.7"
"河南三门峡卢氏县","111.05","-0:35:53","34.05"
"河南三门峡义马市","111.87","-0:32:19","34.75"
"河南三门峡灵宝市","110.87","-0:36:36","34.52"
"河南南阳市区","112.52","-0:29:53","33.0"
"河南南阳南召县","112.43","-0:30:24","33.5"
"河南南阳方城县","113.0","-0:28:5","33.27"
"河南南阳西峡县","111.48","-0:34:0","33.28"
"河南南阳镇平县","112.23","-0:31:5","33.03"
"河南南阳内乡县","111.85","-0:32:41","33.05"
"河南南阳淅川县","111.48","-0:34:7","33.13"
"河南南阳社旗县","112.93","-0:28:19","33.05"
"河南南阳唐河县","112.83","-0:28:41","32.7"
"河南南阳新野县","112.35","-0:30:34","32.52"
"河南南阳桐柏县","113.4","-0:26:24","32.37"
"河南南阳邓州市","112.08","-0:31:41","32.68"
"河南商丘市区","115.65","-0:17:24","34.45"
"河南商丘民权县","115.13","-0:19:29","34.65"
"河南商丘睢县","115.07","-0:19:50","34.45"
"河南商丘宁陵县","115.32","-0:18:46","34.45"
"河南商丘柘城县","115.3","-0:18:50","34.07"
"河南商丘虞城县","115.85","-0:16:31","34.4"
"河南商丘夏邑县","116.13","-0:15:29","34.23"
"河南商丘永城市","116.43","-0:14:31","33.92"
"河南信阳市区","114.07","-0:23:41","32.13"
"河南信阳罗山县","114.53","-0:21:53","32.2"
"河南信阳光山县","114.9","-0:20:22","32.02"
"河南信阳新县","114.87","-0:20:41","31.63"
"河南信阳商城县","115.4","-0:18:19","31.8"
"河南信阳固始县","115.68","-0:17:17","32.18"
"河南信阳潢川县","115.03","-0:19:50","32.13"
"河南信阳淮滨县","115.4","-0:18:22","32.43"
"河南信阳息县","114.73","-0:21:7","32.35"
"河南周口市区","114.65","-0:21:29","33.62"
"河南周口扶沟县","114.38","-0:22:29","34.07"
"河南周口西华县","114.53","-0:22:0","33.8"
"河南周口商水县","114.6","-0:21:38","33.53"
"河南周口沈丘县","115.07","-0:19:46","33.4"
"河南周口郸城县","115.2","-0:19:19","33.65"
"河南周口淮阳县","114.88","-0:20:29","33.73"
"河南周口太康县","114.85","-0:20:36","34.07"
"河南周口鹿邑县","115.48","-0:18:5","33.87"
"河南周口项城市","114.9","-0:20:24","33.45"
"河南驻马店市区","114.02","-0:23:55","32.98"
"河南驻马店西平县","114.02","-0:24:0","33.38"
"河南驻马店上蔡县","114.27","-0:22:58","33.27"
"河南驻马店平舆县","114.63","-0:21:31","32.97"
"河南驻马店正阳县","114.38","-0:22:29","32.6"
"河南驻马店确山县","114.02","-0:23:55","32.8"
"河南驻马店泌阳县","113.32","-0:26:46","32.72"
"河南驻马店汝南县","114.35","-0:22:36","33.0"
"河南驻马店遂平县","114.0","-0:24:5","33.15"
"河南驻马店新蔡县","114.98","-0:20:7","32.75"
"湖北武汉市区","114.3","-0:22:46","30.6"
"湖北武汉汉阳区","114.27","-0:23:55","30.55"
"湖北武汉武昌区","114.3","-0:22:41","30.57"
"湖北武汉黄陂区","114.37","-0:22:34","30.87"
"湖北武汉新洲区","114.8","-0:20:48","30.85"
"湖北黄石市区","115.03","-0:19:38","30.2"
"湖北黄石阳新县","115.2","-0:19:7","29.85"
"湖北黄石大冶市","114.97","-0:21:28","30.1"
"湖北十堰市区","110.78","-0:36:50","32.65"
"湖北十堰郧县","110.82","-0:36:50","32.83"
"湖北十堰郧西县","110.42","-0:37:50","33.0"
"湖北十堰竹山县","110.23","-0:38:40","32.23"
"湖北十堰竹溪县","109.72","-0:40:30","32.32"
"湖北十堰房县","110.73","-0:37:20","32.07"
"湖北十堰丹江口市","111.52","-0:33:48","32.55"
"湖北宜昌市区","111.28","-0:34:48","30.7"
"湖北宜昌远安县","111.63","-0:33:48","31.07"
"湖北宜昌兴山县","110.75","-0:35:48","31.35"
"湖北宜昌秭归县","110.98","-0:35:38","30.83"
"湖北宜昌长阳县","111.18","-0:34:58","30.47"
"湖北宜昌五峰县","110.67","-0:37:50","30.2"
"湖北宜昌宜都市","111.45","-0:34:18","30.4"
"湖北宜昌当阳市","111.78","-0:33:18","30.82"
"湖北宜昌枝江市","111.77","-0:33:18","30.43"
"湖北襄阳市区","112.15","-0:31:26","32.02"
"湖北襄阳南漳县","111.83","-0:33:28","31.78"
"湖北襄阳谷城县","111.65","-0:34:08","32.27"
"湖北襄阳保康县","111.25","-0:34:48","31.88"
"湖北襄阳老河口市","111.67","-0:33:18","32.38"
"湖北襄阳枣阳市","112.75","-0:29:56","32.13"
"湖北襄阳宜城市","112.25","-0:31:26","31.72"
"湖北鄂州市区","114.88","-0:22:38","30.4"
"湖北荆门市区","112.2","-0:31:14","31.03"
"湖北荆门京山县","113.1","-0:27:34","31.02"
"湖北荆门沙洋县","112.58","-0:29:41","30.7"
"湖北荆门钟祥市","112.58","-0:29:41","31.17"
"湖北孝感市区","113.92","-0:24:22","30.93"
"湖北孝感孝昌县","113.97","-0:24:02","31.25"
"湖北孝感大悟县","114.12","-0:23:38","31.57"
"湖北孝感云梦县","113.75","-0:25:5","31.02"
"湖北孝感应城市","113.57","-0:25:36","30.95"
"湖北孝感安陆市","113.68","-0:25:14","31.27"
"湖北孝感汉川市","113.83","-0:25:38","30.65"
"湖北荆州市区","112.23","-0:31:2","30.33"
"湖北荆州沙市区","112.25","-0:31:2","30.32"
"湖北荆州公安县","112.23","-0:31:2","30.07"
"湖北荆州监利县","112.88","-0:28:24","29.82"
"湖北荆州江陵县","112.42","-0:31:17","30.03"
"湖北荆州石首市","112.4","-0:30:22","29.73"
"湖北荆州洪湖市","113.45","-0:25:16","29.8"
"湖北荆州松滋市","111.77","-0:33:18","30.18"
"湖北黄冈市区","114.87","-0:20:31","30.45"
"湖北黄冈团风县","114.87","-0:20:3","30.63"
"湖北黄冈红安县","114.62","-0:21:34","31.28"
"湖北黄冈罗田县","115.4","-0:18:31","30.78"
"湖北黄冈英山县","115.67","-0:17:43","30.75"
"湖北黄冈浠水县","115.27","-0:19:7","30.45"
"湖北黄冈蕲春县","115.43","-0:18:48","30.23"
"湖北黄冈黄梅县","115.93","-0:16:17","30.08"
"湖北黄冈麻城市","115.03","-0:20:0","31.18"
"湖北黄冈武穴市","115.55","-0:19:08","29.85"
"湖北咸宁市区","114.32","-0:22:53","29.85"
"湖北咸宁嘉鱼县","113.9","-0:24:22","29.98"
"湖北咸宁通城县","113.82","-0:24:48","29.25"
"湖北咸宁崇阳县","114.03","-0:23:50","29.55"
"湖北咸宁通山县","114.52","-0:21:55","29.6"
"湖北咸宁赤壁市","113.88","-0:24:22","29.72"
"湖北随州市区","113.37","-0:25:46","31.72"
"湖北随州广水市","113.82","-0:24:22","31.62"
"湖北恩施州恩施市","109.47","-0:42:07","30.3"
"湖北恩施州利川市","108.93","-0:44:12","30.3"
"湖北恩施州建始县","109.73","-0:41:03","30.6"
"湖北恩施州巴东县","110.33","-0:40:21","31.05"
"湖北恩施州宣恩县","109.48","-0:42:02","29.98"
"湖北恩施州咸丰县","109.15","-0:43:26","29.68"
"湖北恩施州来凤县","109.4","-0:42:22","29.52"
"湖北恩施州鹤峰县","110.03","-0:41:24","29.9"
"湖北仙桃市区","113.45","-0:25:26","30.37"
"湖北仙桃潜江市","112.88","-0:28:24","30.42"
"湖北仙桃天门市","113.17","-0:26:26","30.67"
"湖北仙桃神农架林区","110.67","-0:39:41","31.75"
"湖南长沙市区","112.93","-0:28:0","28.23"
"湖南长沙长沙县","113.07","-0:27:10","28.25"
"湖南长沙望城县","112.82","-0:28:48","28.37"
"湖南长沙宁乡县","112.55","-0:29:48","28.25"
"湖南长沙浏阳市","113.63","-0:25:29","28.15"
"湖南株洲市区","113.136","-0:27:22","27.83"
"湖南株洲株洲县","113.136","-0:27:22","27.72"
"湖南株洲攸县","113.33","-0:26:43","27.0"
"湖南株洲茶陵县","113.53","-0:25:50","26.8"
"湖南株洲炎陵县","113.77","-0:25:20","26.48"
"湖南株洲醴陵市","113.48","-0:26:0","27.67"
"湖南湘潭市区","112.93","-0:28:22","27.83"
"湖南湘潭湘潭县","112.95","-0:28:22","27.78"
"湖南湘潭湘乡市","112.53","-0:30:0","27.73"
"湖南湘潭韶山市","112.52","-0:30:0","27.93"
"湖南衡阳市区","112.57","-0:30:10","26.9"
"湖南衡阳衡阳县","112.37","-0:30:40","26.97"
"湖南衡阳衡南县","112.67","-0:29:34","26.73"
"湖南衡阳衡山县","112.87","-0:28:34","27.23"
"湖南衡阳衡东县","112.95","-0:28:12","27.08"
"湖南衡阳祁东县","112.12","-0:31:26","26.78"
"湖南衡阳耒阳市","112.85","-0:28:34","26.42"
"湖南衡阳常宁市","112.38","-0:30:40","26.42"
"湖南邵阳市区","111.47","-0:34:0","27.25"
"湖南邵阳邵东县","111.75","-0:33:5","27.25"
"湖南邵阳新邵县","111.45","-0:34:10","27.32"
"湖南邵阳邵阳县","111.27","-0:35:10","27.0"
"湖南邵阳隆回县","111.03","-0:35:50","27.12"
"湖南邵阳洞口县","110.57","-0:37:43","27.05"
"湖南邵阳绥宁县","110.15","-0:39:26","26.58"
"湖南邵阳新宁县","110.85","-0:36:38","26.43"
"湖南邵阳城步县","110.32","-0:38:48","26.37"
"湖南邵阳武冈市","110.63","-0:37:34","26.73"
"湖南岳阳市区","113.12","-0:27:38","29.37"
"湖南岳阳岳阳县","113.12","-0:27:38","29.15"
"湖南岳阳华容县","112.57","-0:29:48","29.52"
"湖南岳阳湘阴县","112.88","-0:28:31","28.68"
"湖南岳阳平江县","113.58","-0:25:46","28.72"
"湖南岳阳汨罗市","113.08","-0:27:48","28.8"
"湖南岳阳临湘市","113.47","-0:26:19","29.48"
"湖南常德市区","111.68","-0:33:14","29.05"
"湖南常德安乡县","112.17","-0:31:22","29.42"
"湖南常德汉寿县","111.97","-0:32:7","28.9"
"湖南常德澧县","111.75","-0:33:0","29.63"
"湖南常德临澧县","111.65","-0:33:26","29.45"
"湖南常德桃源县","111.48","-0:34:7","28.9"
"湖南常德石门县","111.38","-0:34:36","29.58"
"湖南常德津市市","111.88","-0:32:31","29.62"
"湖南张家界市区","110.47","-0:38:22","29.13"
"湖南张家界慈利县","111.12","-0:35:38","29.42"
"湖南张家界桑植县","110.15","-0:39:22","29.4"
"湖南益阳市区","112.32","-0:30:41","28.6"
"湖南益阳南县","112.4","-0:30:26","29.38"
"湖南益阳桃江县","112.12","-0:31:34","28.53"
"湖南益阳安化县","111.22","-0:35:12","28.38"
"湖南益阳沅江市","112.38","-0:30:34","28.85"
"湖南郴州市区","113.02","-0:28:0","25.78"
"湖南郴州桂阳县","112.73","-0:29:7","25.73"
"湖南郴州宜章县","112.95","-0:24:10","25.4"
"湖南郴州永兴县","113.1","-0:27:34","26.13"
"湖南郴州嘉禾县","112.37","-0:30:36","25.58"
"湖南郴州临武县","112.55","-0:29:48","25.28"
"湖南郴州汝城县","113.68","-0:25:17","25.55"
"湖南郴州桂东县","113.93","-0:24:22","26.08"
"湖南郴州安仁县","113.27","-0:26:55","26.7"
"湖南郴州资兴市","113.23","-0:26:26","25.98"
"湖南永州市区","111.62","-0:33:29","26.43"
"湖南永州祁阳县","111.85","-0:32:36","26.58"
"湖南永州东安县","111.28","-0:34:53","26.4"
"湖南永州双牌县","111.65","-0:33:26","25.97"
"湖南永州道县","111.58","-0:33:43","25.53"
"湖南永州江永县","111.33","-0:34:41","25.28"
"湖南永州宁远县","111.93","-0:32:12","25.6"
"湖南永州蓝山县","112.18","-0:31:22","25.37"
"湖南永州新田县","112.22","-0:31:10","25.92"
"湖南永州江华县","111.58","-0:32:50","25.18"
"湖南怀化市区","110.0","-0:40:12","27.57"
"湖南怀化中方县","109.93","-0:40:22","27.4"
"湖南怀化沅陵县","110.38","-0:38:26","28.47"
"湖南怀化辰溪县","110.18","-0:39:17","28.0"
"湖南怀化溆浦县","110.58","-0:37:43","27.92"
"湖南怀化会同县","109.72","-0:41:10","26.87"
"湖南怀化麻阳县","109.8","-0:40:50","27.87"
"湖南怀化新晃县","109.17","-0:43:22","27.37"
"湖南怀化芷江县","109.68","-0:40:53","27.45"
"湖南怀化靖州县","109.68","-0:41:17","26.58"
"湖南怀化通道县","109.78","-0:40:55","26.17"
"湖南怀化洪江市","109.82","-0:40:10","27.2"
"湖南娄底市区","112.0","-0:32:10","27.73"
"湖南娄底双峰县","112.2","-0:31:17","27.45"
"湖南娄底新化县","111.3","-0:34:50","27.75"
"湖南娄底冷水江市","111.43","-0:34:22","27.68"
"湖南娄底涟源市","111.67","-0:33:22","27.7"
"湖南湘西吉首市","109.73","-0:41:10","28.32"
"湖南湘西泸溪县","110.22","-0:37:5","28.22"
"湖南湘西凤凰县","109.6","-0:42:17","27.95"
"湖南湘西花垣县","109.48","-0:42:10","28.58"
"湖南湘西保靖县","109.65","-0:41:26","28.72"
"湖南湘西古丈县","109.95","-0:40:22","28.62"
"湖南湘西永顺县","109.85","-0:40:38","29.0"
"湖南湘西龙山县","109.43","-0:42:19","29.47"
"广东广州市区","113.27","-0:27:5","23.13"
"广东广州花都区","113.22","-0:27:14","23.4"
"广东广州增城市","113.83","-0:24:46","23.3"
"广东广州从化市","113.58","-0:25:48","23.55"
"广东韶关市区","113.6","-0:25:31","24.82"
"广东韶关始兴县","114.07","-0:23:41","24.95"
"广东韶关仁化县","113.75","-0:25:5","25.08"
"广东韶关翁源县","114.13","-0:23:29","24.35"
"广东韶关乳源县","113.27","-0:26:48","24.78"
"广东韶关新丰县","114.2","-0:23:14","24.07"
"广东韶关乐昌市","113.35","-0:26:36","25.13"
"广东韶关南雄市","114.3","-0:22:41","25.12"
"广东深圳市区","114.05","-0:23:43","22.55"
"广东深圳宝安区","113.85","-0:24:36","22.58"
"广东珠海市区","113.57","-0:25:55","22.27"
"广东汕头市区","116.68","-0:13:14","23.35"
"广东汕头潮阳区","116.6","-0:13:34","23.27"
"广东汕头澄海区","116.77","-0:12:48","23.48"
"广东汕头南澳县","117.02","-0:11:53","23.42"
"广东佛山市区","113.12","-0:27:34","23.02"
"广东佛山南海区","113.15","-0:27:34","23.03"
"广东佛山顺德区","113.3","-0:27:2","22.8"
"广东佛山三水区","112.87","-0:28:26","23.17"
"广东佛山高明区","112.88","-0:28:58","22.9"
"广东江门市区","113.08","-0:27:46","22.58"
"广东江门新会区","113.03","-0:27:55","22.47"
"广东江门台山市","112.78","-0:28:53","22.25"
"广东江门开平市","112.67","-0:29:17","22.38"
"广东江门鹤山市","112.97","-0:28:14","22.77"
"广东江门恩平市","112.3","-0:30:50","22.18"
"广东湛江市区","110.35","-0:38:29","21.27"
"广东湛江遂溪县","110.25","-0:39:2","21.38"
"广东湛江徐闻县","110.17","-0:39:19","20.33"
"广东湛江廉江市","110.27","-0:38:55","21.62"
"广东湛江雷州市","110.08","-0:39:01","20.92"
"广东湛江吴川市","110.77","-0:36:53","21.43"
"广东茂名市区","110.92","-0:36:29","21.67"
"广东茂名电白县","111.0","-0:36:2","21.5"
"广东茂名高州市","110.85","-0:36:41","21.92"
"广东茂名化州市","110.63","-0:37:38","21.67"
"广东茂名信宜市","110.95","-0:36:24","22.35"
"广东肇庆市区","112.47","-0:30:14","23.05"
"广东肇庆广宁县","112.43","-0:30:17","23.63"
"广东肇庆怀集县","112.18","-0:31:17","23.92"
"广东肇庆封开县","111.5","-0:34:5","23.43"
"广东肇庆德庆县","111.77","-0:33:0","23.15"
"广东肇庆高要市","112.45","-0:30:14","23.03"
"广东肇庆四会市","112.68","-0:29:17","23.33"
"广东惠州市区","114.42","-0:22:24","23.12"
"广东惠州惠阳区","114.47","-0:22:24","22.8"
"广东惠州博罗县","114.28","-0:22:53","23.18"
"广东惠州惠东县","114.72","-0:21:12","22.98"
"广东惠州龙门县","114.25","-0:23:0","23.73"
"广东梅州市区","116.12","-0:15:36","24.28"
"广东梅州梅县","116.05","-0:15:56","24.28"
"广东梅州大埔县","116.7","-0:13:12","24.35"
"广东梅州丰顺县","116.18","-0:15:17","23.77"
"广东梅州五华县","115.77","-0:17:0","23.93"
"广东梅州平远县","115.88","-0:16:24","24.57"
"广东梅州蕉岭县","116.17","-0:15:17","24.67"
"广东梅州兴宁市","115.73","-0:17:0","24.15"
"广东汕尾市区","115.37","-0:18:47","22.78"
"广东汕尾海丰县","115.33","-0:18:37","22.97"
"广东汕尾陆河县","115.65","-0:17:37","23.3"
"广东汕尾陆丰市","115.65","-0:17:37","22.95"
"广东河源市区","114.7","-0:21:17","23.73"
"广东河源紫金县","115.18","-0:19:17","23.63"
"广东河源龙川县","115.25","-0:19:0","24.1"
"广东河源连平县","114.48","-0:22:5","24.37"
"广东河源和平县","114.93","-0:20:26","24.45"
"广东河源东源县","114.77","-0:21:06","23.82"
"广东阳江市区","111.98","-0:32:12","21.87"
"广东阳江阳西县","111.62","-0:33:13","21.75"
"广东阳江阳东县","112.02","-0:32:32","21.88"
"广东阳江阳春市","111.78","-0:32:53","22.18"
"广东清远市区","113.03","-0:27:58","23.7"
"广东清远佛冈县","113.53","-0:25:55","23.88"
"广东清远阳山县","112.63","-0:29:24","24.48"
"广东清远连山县","112.08","-0:31:43","24.57"
"广东清远连南县","112.28","-0:30:53","24.72"
"广东清远清新县","112.98","-0:28:54","23.73"
"广东清远英德市","113.4","-0:26:29","24.18"
"广东清远连州市","112.38","-0:30:24","24.78"
"广东东莞市区","113.75","-0:25:0","23.05"
"广东中山市区","113.38","-0:26:29","22.52"
"广东潮州市区","116.62","-0:13:29","23.67"
"广东潮州潮安县","116.68","-0:13:29","23.45"
"广东潮州饶平县","117.0","-0:11:58","23.67"
"广东揭阳市区","116.37","-0:14:36","23.55"
"广东揭阳揭东县","116.42","-0:14:16","23.57"
"广东揭阳揭西县","115.83","-0:16:43","23.43"
"广东揭阳惠来县","116.28","-0:14:50","23.03"
"广东揭阳普宁市","116.18","-0:15:19","23.3"
"广东云浮市区","112.03","-0:31:55","22.92"
"广东云浮新兴县","112.23","-0:31:12","22.7"
"广东云浮郁南县","111.53","-0:33:58","23.23"
"广东云浮云安县","112.0","-0:31:55","23.08"
"广东云浮罗定市","111.57","-0:33:46","22.77"
"广西南宁市区","108.37","-0:46:41","22.82"
"广西南宁邕宁区","108.48","-0:46:2","22.75"
"广西南宁武鸣县","108.27","-0:46:55","23.17"
"广西南宁隆安县","107.68","-0:49:17","23.18"
"广西南宁马山县","108.17","-0:47:12","23.72"
"广西南宁上林县","108.6","-0:45:38","23.43"
"广西南宁宾阳县","108.8","-0:44:48","23.22"
"广西南宁横县","109.27","-0:43:12","22.68"
"广西柳州市区","109.42","-0:42:24","24.33"
"广西柳州柳江县","109.33","-0:42:38","24.27"
"广西柳州柳城县","109.23","-0:43:2","24.65"
"广西柳州鹿寨县","109.73","-0:41:2","24.48"
"广西柳州融安县","109.4","-0:42:31","25.23"
"广西柳州融水县","109.25","-0:43:2","25.07"
"广西柳州三江县","109.6","-0:41:41","25.78"
"广西桂林市区","110.28","-0:38:53","25.28"
"广西桂林阳朔县","110.48","-0:38:13","24.78"
"广西桂林临桂县","110.2","-0:39:7","25.23"
"广西桂林灵川县","110.32","-0:38:41","25.42"
"广西桂林全州县","111.07","-0:35:46","25.93"
"广西桂林兴安县","110.67","-0:37:22","25.62"
"广西桂林永福县","109.98","-0:40:5","24.98"
"广西桂林灌阳县","111.15","-0:35:26","25.48"
"广西桂林龙胜县","110.0","-0:39:55","25.8"
"广西桂林资源县","110.63","-0:37:22","26.03"
"广西桂林平乐县","110.63","-0:37:22","24.63"
"广西桂林恭城县","110.83","-0:36:46","24.83"
"广西梧州市区","111.27","-0:34:38","23.48"
"广西梧州苍梧县","111.23","-0:34:38","23.42"
"广西梧州藤县","110.92","-0:36:24","23.38"
"广西梧州蒙山县","110.52","-0:37:50","24.2"
"广西梧州岑溪市","110.98","-0:36:0","22.92"
"广西北海市区","109.12","-0:43:31","21.48"
"广西北海铁山港区","109.43","-0:42:31","21.53"
"广西北海合浦县","109.2","-0:43:12","21.67"
"广西防城港市区","108.35","-0:46:36","21.7"
"广西防城港上思县","107.98","-0:48:5","22.15"
"广西防城港东兴市","107.97","-0:48:5","21.53"
"广西钦州市区","108.62","-0:45:34","21.95"
"广西钦州灵山县","109.3","-0:42:50","22.43"
"广西钦州浦北县","109.55","-0:41:46","22.27"
"广西贵港市区","109.6","-0:41:26","23.1"
"广西贵港平南县","110.38","-0:38:24","23.55"
"广西贵港桂平市","110.08","-0:39:43","23.4"
"广西玉林市区","110.17","-0:39:26","22.63"
"广西玉林容县","110.55","-0:37:53","22.87"
"广西玉林陆川县","110.27","-0:39:0","22.33"
"广西玉林博白县","109.97","-0:40:5","22.28"
"广西玉林兴业县","109.87","-0:40:25","22.75"
"广西玉林北流市","110.35","-0:38:41","22.72"
"广西百色市区","106.62","-0:53:31","23.9"
"广西百色田阳县","106.92","-0:52:24","23.73"
"广西百色田东县","107.12","-0:51:31","23.6"
"广西百色平果县","107.58","-0:49:38","23.32"
"广西百色德保县","106.62","-0:53:36","23.33"
"广西百色靖西县","106.42","-0:54:22","23.13"
"广西百色那坡县","105.83","-0:56:36","23.42"
"广西百色凌云县","106.57","-0:53:48","24.35"
"广西百色乐业县","106.55","-0:53:46","24.78"
"广西百色田林县","106.23","-0:55:2","24.3"
"广西百色西林县","105.1","-0:59:41","24.5"
"广西百色隆林县","105.33","-0:58:38","24.77"
"广西贺州市区","111.55","-0:34:18","24.42"
"广西贺州昭平县","110.8","-0:36:48","24.17"
"广西贺州钟山县","111.3","-0:34:48","24.53"
"广西贺州富川县","111.27","-0:38:58","24.83"
"广西河池市区","108.07","-0:47:46","24.7"
"广西河池南丹县","107.53","-0:49:50","24.98"
"广西河池天峨县","107.17","-0:51:22","25.0"
"广西河池凤山县","107.05","-0:51:48","24.55"
"广西河池东兰县","107.37","-0:50:34","24.52"
"广西河池罗城县","108.9","-0:44:24","24.78"
"广西河池环江县","108.25","-0:46:58","24.83"
"广西河池巴马县","107.25","-0:51:0","24.15"
"广西河池都安县","108.1","-0:47:38","23.93"
"广西河池大化县","107.98","-0:48:0","23.73"
"广西河池宜州市","108.67","-0:45:38","24.5"
"广西来宾市区","109.23","-0:43:2","23.73"
"广西来宾忻城县","108.67","-0:45:22","24.07"
"广西来宾象州县","109.68","-0:41:12","23.97"
"广西来宾武宣县","109.67","-0:41:22","23.6"
"广西来宾金秀县","110.18","-0:39:17","24.13"
"广西来宾合山市","108.87","-0:44:26","23.82"
"广西崇左市区","107.37","-0:50:31","22.4"
"广西崇左扶绥县","107.9","-0:48:19","22.63"
"广西崇左宁明县","107.07","-0:51:41","22.13"
"广西崇左龙州县","106.85","-0:52:38","22.35"
"广西崇左大新县","107.2","-0:51:10","22.83"
"广西崇左天等县","107.13","-0:51:31","23.08"
"广西崇左凭祥市","106.75","-0:53:0","22.12"
"海南海口市","110.32","-0:38:36","20.03"
"海南三亚市","109.5","-0:41:02","18.25"
"海南五指山市","109.52","-0:41:02","18.78"
"海南琼海市","110.47","-0:38:10","19.25"
"海南儋州市","109.57","-0:41:02","19.52"
"海南文昌市","110.8","-0:37:7","19.55"
"海南万宁市","110.4","-0:38:26","18.8"
"海南东方市","108.63","-0:45:26","19.1"
"海南定安县","110.32","-0:38:46","19.7"
"海南屯昌县","110.1","-0:39:36","19.37"
"海南澄迈县","110.0","-0:40:0","19.73"
"海南临高县","109.68","-0:41:14","19.92"
"海南白沙县","109.45","-0:42:14","19.23"
"海南昌江县","109.05","-0:43:53","19.25"
"海南乐东县","109.17","-0:43:19","18.75"
"海南陵水县","110.03","-0:39:55","18.5"
"海南保亭县","109.7","-0:41:12","18.63"
"海南琼中县","109.83","-0:40:41","19.03"
"四川成都市区","104.07","-1:3:46","30.67"
"四川成都温江区","103.83","-1:4:46","30.7"
"四川成都金堂县","104.43","-1:2:43","30.85"
"四川成都双流县","103.92","-1:0:14","30.58"
"四川成都郫县","103.88","-1:4:34","30.82"
"四川成都大邑县","103.52","-1:5:53","30.58"
"四川成都蒲江县","103.5","-1:6:50","30.2"
"四川成都新津县","103.82","-1:4:53","30.42"
"四川成都都江堰市","103.62","-1:5:23","31.0"
"四川成都彭州市","103.93","-1:4:41","30.98"
"四川成都邛崃市","103.47","-1:6:7","30.42"
"四川成都崇州市","103.67","-1:5:7","30.63"
"四川自贡市区","104.78","-1:0:47","29.35"
"四川自贡荣县","104.42","-1:1:37","29.47"
"四川自贡富顺县","104.98","-1:0:7","29.18"
"四川攀枝花市区","101.72","-1:13:56","26.58"
"四川攀枝花米易县","102.12","-1:11:24","26.88"
"四川攀枝花盐边县","101.85","-1:13:46","26.7"
"四川泸州市区","105.43","-0:58:26","28.87"
"四川泸州泸县","105.38","-0:58:50","29.15"
"四川泸州合江县","105.83","-0:56:53","28.82"
"四川泸州叙永县","105.43","-0:58:14","28.17"
"四川泸州古蔺县","105.82","-0:56:50","28.05"
"四川德阳市区","104.38","-1:2:31","31.13"
"四川德阳中江县","104.68","-1:1:17","31.03"
"四川德阳罗江县","104.5","-1:1:57","31.32"
"四川德阳广汉市","104.28","-1:3:0","30.98"
"四川德阳什邡市","104.17","-1:3:22","31.13"
"四川德阳绵竹市","104.2","-1:3:14","31.35"
"四川绵阳市区","104.73","-1:1:5","31.47"
"四川绵阳三台县","105.08","-0:59:46","31.1"
"四川绵阳盐亭县","105.38","-0:58:36","31.22"
"四川绵阳安县","104.57","-1:2:22","31.53"
"四川绵阳梓潼县","105.17","-0:59:22","31.63"
"四川绵阳北川县","104.45","-1:2:14","31.82"
"四川绵阳平武县","104.53","-1:1:55","32.42"
"四川绵阳江油市","104.75","-1:1:12","31.78"
"四川广元市区","105.83","-0:56:36","32.43"
"四川广元旺苍县","106.28","-0:54:41","32.23"
"四川广元青川县","105.23","-0:59:10","32.58"
"四川广元剑阁县","105.52","-0:58:12","32.28"
"四川广元苍溪县","105.93","-0:56:10","31.73"
"四川遂宁市区","105.57","-0:57:41","30.52"
"四川遂宁蓬溪县","105.72","-0:57:2","30.78"
"四川遂宁射洪县","105.38","-0:58:46","30.87"
"四川遂宁大英县","105.25","-0:59:10","30.58"
"四川内江市区","105.05","-0:59:50","29.58"
"四川内江威远县","104.67","-1:1:12","29.53"
"四川内江资中县","104.85","-1:0:36","29.78"
"四川内江隆昌县","105.28","-0:59:0","29.35"
"四川乐山市区","103.77","-1:4:57","29.57"
"四川乐山犍为县","103.95","-1:4:17","29.22"
"四川乐山井研县","104.07","-1:3:46","29.65"
"四川乐山夹江县","103.57","-1:5:38","29.73"
"四川乐山沐川县","103.9","-1:4:5","28.97"
"四川乐山峨边县","103.27","-1:7:0","29.23"
"四川乐山马边县","103.55","-1:5:53","28.83"
"四川乐山峨眉山市","103.48","-1:6:0","29.6"
"四川南充市区","106.08","-0:55:53","30.78"
"四川南充南部县","106.07","-0:55:53","31.35"
"四川南充营山县","106.57","-0:53:43","31.08"
"四川南充蓬安县","106.42","-0:54:14","31.03"
"四川南充仪陇县","106.28","-0:54:29","31.27"
"四川南充西充县","105.88","-0:56:38","31.0"
"四川南充阆中市","106.0","-0:56:7","31.55"
"四川眉山市区","103.83","-1:4:46","30.05"
"四川眉山仁寿县","104.15","-1:3:38","30.0"
"四川眉山彭山县","103.87","-1:4:41","30.2"
"四川眉山洪雅县","103.37","-1:6:29","29.92"
"四川眉山丹棱县","103.52","-1:5:53","30.02"
"四川眉山青神县","103.85","-1:4:46","29.83"
"四川宜宾市区","104.62","-1:1:46","28.77"
"四川宜宾宜宾县","104.55","-1:2:16","28.7"
"四川宜宾南溪县","104.98","-1:0:10","28.85"
"四川宜宾江安县","105.07","-0:59:46","28.73"
"四川宜宾长宁县","104.92","-1:0:22","28.58"
"四川宜宾高县","104.52","-1:1:55","28.43"
"四川宜宾珙县","104.72","-1:0:46","28.45"
"四川宜宾筠连县","104.52","-1:1:53","28.17"
"四川宜宾兴文县","105.23","-0:59:46","28.3"
"四川宜宾屏山县","104.33","-1:3:24","28.83"
"四川广安市区","106.63","-0:53:34","30.47"
"四川广安岳池县","106.43","-0:54:17","30.55"
"四川广安武胜县","106.28","-0:54:48","30.35"
"四川广安邻水县","106.93","-0:52:22","30.33"
"四川广安华蓥市","106.77","-0:53:2","30.38"
"四川达州市区","107.5","-0:50:2","31.22"
"四川达州达县","107.5","-0:50:2","31.2"
"四川达州宣汉县","107.72","-0:49:10","31.35"
"四川达州开江县","107.87","-0:48:31","31.08"
"四川达州大竹县","107.2","-0:51:10","30.73"
"四川达州渠县","106.97","-0:52:14","30.83"
"四川达州万源市","108.03","-0:47:46","32.07"
"四川雅安市区","103.0","-1:8:7","29.98"
"四川雅安名山县","103.12","-1:7:46","30.08"
"四川雅安荥经县","102.85","-1:8:46","29.8"
"四川雅安汉源县","102.65","-1:9:22","29.35"
"四川雅安石棉县","102.37","-1:10:29","29.23"
"四川雅安天全县","102.75","-1:8:53","30.07"
"四川雅安芦山县","102.92","-1:8:22","30.15"
"四川雅安宝兴县","102.82","-1:8:38","30.37"
"四川巴中市区","106.77","-0:53:5","31.85"
"四川巴中通江县","107.23","-0:47:2","31.92"
"四川巴中南江县","106.83","-0:52:41","32.35"
"四川巴中平昌县","107.1","-0:51:34","31.57"
"四川资阳市区","104.65","-1:1:36","30.12"
"四川资阳安岳县","105.33","-0:58:48","30.1"
"四川资阳乐至县","105.02","-0:59:55","30.28"
"四川资阳简阳市","104.55","-1:1:53","30.4"
"四川阿坝州马尔康县","102.22","-1:11:7","31.9"
"四川阿坝州汶川县","103.58","-1:5:34","31.48"
"四川阿坝州理县","103.17","-1:7:22","31.43"
"四川阿坝州茂县","103.85","-1:4:26","31.68"
"四川阿坝州松潘县","103.6","-1:5:34","32.63"
"四川阿坝州九寨沟县","104.23","-1:3:26","33.27"
"四川阿坝州金川县","102.07","-1:11:53","31.48"
"四川阿坝州小金县","102.37","-1:10:38","31.0"
"四川阿坝州黑水县","102.98","-1:8:12","32.07"
"四川阿坝州壤塘县","100.98","-1:16:7","32.27"
"四川阿坝州阿坝县","101.7","-1:13:7","32.9"
"四川阿坝州若尔盖县","102.95","-1:8:14","33.58"
"四川阿坝州红原县","102.55","-1:9:48","32.8"
"四川甘孜州康定县","101.97","-1:12:12","30.05"
"四川甘孜州泸定县","102.23","-1:11:0","29.92"
"四川甘孜州丹巴县","101.88","-1:12:31","30.88"
"四川甘孜州九龙县","101.5","-1:13:53","29.0"
"四川甘孜州雅江县","101.02","-1:16:0","30.03"
"四川甘孜州道孚县","101.12","-1:15:26","30.98"
"四川甘孜州炉霍县","100.68","-1:17:24","31.4"
"四川甘孜州甘孜县","99.98","-1:20:10","31.62"
"四川甘孜州新龙县","100.32","-1:18:53","30.95"
"四川甘孜州德格县","98.58","-1:25:43","31.82"
"四川甘孜州白玉县","98.83","-1:24:41","31.22"
"四川甘孜州石渠县","98.1","-1:27:46","32.98"
"四川甘孜州色达县","100.33","-1:18:36","32.27"
"四川甘孜州理塘县","100.27","-1:18:53","30.0"
"四川甘孜州巴塘县","99.1","-1:24:0","30.0"
"四川甘孜州乡城县","99.8","-1:20:53","28.93"
"四川甘孜州稻城县","100.3","-1:18:46","29.03"
"四川甘孜州得荣县","99.28","-1:23:0","28.72"
"四川凉山州西昌市","102.27","-1:10:50","27.9"
"四川凉山州木里县","101.28","-1:15:0","27.93"
"四川凉山州盐源县","101.5","-1:13:58","27.43"
"四川凉山州德昌县","102.18","-1:11:24","27.4"
"四川凉山州会理县","102.25","-1:11:10","26.67"
"四川凉山州会东县","102.58","-1:9:48","26.63"
"四川凉山州宁南县","102.77","-1:8:58","27.07"
"四川凉山州普格县","102.53","-1:9:55","27.38"
"四川凉山州布拖县","102.82","-1:8:48","27.72"
"四川凉山州金阳县","103.25","-1:7:7","27.7"
"四川凉山州昭觉县","102.85","-1:8:41","28.02"
"四川凉山州喜德县","102.42","-1:10:19","28.32"
"四川凉山州冕宁县","102.17","-1:11:24","28.55"
"四川凉山州越西县","102.52","-1:10:2","28.65"
"四川凉山州甘洛县","102.77","-1:9:2","28.97"
"四川凉山州美姑县","103.13","-1:7:26","28.33"
"四川凉山州雷波县","103.57","-1:5:31","28.27"
"贵州贵阳市区","106.63","-0:53:10","26.65"
"贵州贵阳开阳县","106.97","-0:52:12","27.07"
"贵州贵阳息烽县","106.73","-0:53:5","27.1"
"贵州贵阳修文县","106.58","-0:53:38","26.83"
"贵州贵阳清镇市","106.47","-0:54:10","26.55"
"贵州六盘水市区","104.83","-1:0:43","26.6"
"贵州六盘水六枝特区","105.48","-0:58:7","26.22"
"贵州六盘水水城县","104.95","-1:0:43","26.55"
"贵州六盘水盘县","104.47","-1:1:26","25.72"
"贵州遵义市区","106.92","-0:52:24","27.73"
"贵州遵义遵义县","106.83","-0:52:44","27.53"
"贵州遵义桐梓县","106.82","-0:52:48","28.13"
"贵州遵义绥阳县","107.18","-0:51:14","27.95"
"贵州遵义正安县","107.43","-0:50:17","28.55"
"贵州遵义道真县","107.6","-0:49:36","28.88"
"贵州遵义务川县","107.88","-0:48:31","28.53"
"贵州遵义凤冈县","107.7","-0:49:72","27.97"
"贵州遵义湄潭县","107.48","-0:50:0","27.77"
"贵州遵义余庆县","107.88","-0:48:29","27.22"
"贵州遵义习水县","106.22","-0:55:12","28.32"
"贵州遵义赤水市","105.7","-0:57:14","28.58"
"贵州遵义仁怀市","106.42","-0:54:22","27.82"
"贵州安顺市区","105.95","-0:56:19","26.25"
"贵州安顺平坝县","106.25","-0:54:58","26.42"
"贵州安顺普定县","105.75","-0:57:0","26.32"
"贵州安顺镇宁县","105.77","-0:57:0","26.07"
"贵州安顺关岭县","105.62","-0:57:31","25.95"
"贵州安顺紫云县","106.08","-0:55:46","25.75"
"贵州铜仁地区铜仁市","109.18","-0:43:10","27.72"
"贵州铜仁地区江口县","108.85","-0:44:43","27.7"
"贵州铜仁地区玉屏县","108.92","-0:44:23","27.23"
"贵州铜仁地区石阡县","108.23","-0:44:22","27.52"
"贵州铜仁地区思南县","108.25","-0:47:5","27.93"
"贵州铜仁地区印江县","108.4","-0:46:22","28.0"
"贵州铜仁地区德江县","108.12","-0:47:29","28.27"
"贵州铜仁地区沿河县","108.5","-0:46:5","28.57"
"贵州铜仁地区松桃县","109.2","-0:43:17","28.17"
"贵州铜仁地区万山特区","109.2","-0:43:12","27.52"
"贵州兴义市区","104.9","-0:60:22","25.08"
"贵州兴义兴仁县","105.18","-0:59:17","25.43"
"贵州兴义普安县","104.95","-0:60:10","25.78"
"贵州兴义晴隆县","105.22","-0:59:10","25.83"
"贵州兴义贞丰县","105.65","-0:57:29","25.38"
"贵州兴义望谟县","106.1","-0:55:38","25.17"
"贵州兴义册亨县","105.82","-0:56:50","24.98"
"贵州兴义安龙县","105.47","-0:58:2","25.12"
"贵州毕节地区毕节市","105.28","-0:58:50","27.3"
"贵州毕节地区大方县","105.6","-0:57:34","27.15"
"贵州毕节地区黔西县","106.03","-0:55:50","27.03"
"贵州毕节地区金沙县","106.22","-0:55:7","27.47"
"贵州毕节地区织金县","105.77","-0:56:58","26.67"
"贵州毕节地区纳雍县","105.38","-0:58:29","26.78"
"贵州毕节地区赫章县","104.72","-1:1:10","27.13"
"贵州黔东南州凯里市","107.97","-0:48:7","26.58"
"贵州黔东南州黄平县","107.9","-0:48:26","26.9"
"贵州黔东南州施秉县","108.12","-0:47:34","27.03"
"贵州黔东南州三穗县","108.68","-0:45:17","26.97"
"贵州黔东南州镇远县","108.42","-0:46:22","27.05"
"贵州黔东南州岑巩县","108.82","-0:45:7","27.18"
"贵州黔东南州天柱县","109.2","-0:43:12","26.92"
"贵州黔东南州锦屏县","109.2","-0:43:17","26.68"
"贵州黔东南州剑河县","108.45","-0:45:41","26.73"
"贵州黔东南州台江县","108.32","-0:46:43","26.67"
"贵州黔东南州黎平县","109.13","-0:43:26","26.23"
"贵州黔东南州榕江县","108.52","-0:46:0","25.93"
"贵州黔东南州从江县","108.9","-0:44:24","25.75"
"贵州黔东南州雷山县","108.07","-0:47:43","26.38"
"贵州黔东南州麻江县","107.58","-0:49:41","26.5"
"贵州黔东南州丹寨县","107.8","-0:48:50","26.2"
"贵州黔南州都匀市","107.52","-0:49:53","26.27"
"贵州黔南州福泉市","107.5","-0:49:58","26.7"
"贵州黔南州荔波县","107.88","-0:48:29","25.42"
"贵州黔南州贵定县","107.23","-0:51:7","26.58"
"贵州黔南州瓮安县","107.47","-0:50:5","27.07"
"贵州黔南州独山县","107.53","-0:49:50","25.83"
"贵州黔南州平塘县","107.32","-0:49:48","25.83"
"贵州黔南州罗甸县","106.75","-0:53:2","25.43"
"贵州黔南州长顺县","106.45","-0:54:12","26.03"
"贵州黔南州龙里县","106.97","-0:52:5","26.45"
"贵州黔南州惠水县","106.65","-0:53:22","26.13"
"贵州黔南州三都县","107.87","-0:48:34","25.98"
"云南昆明市区","102.72","-1:9:5","25.05"
"云南昆明东川区","103.18","-1:7:15","26.08"
"云南昆明呈贡县","102.8","-1:8:50","24.88"
"云南昆明晋宁县","102.6","-1:9:41","24.67"
"云南昆明富民县","102.5","-1:10:5","25.22"
"云南昆明宜良县","103.15","-1:7:31","24.92"
"云南昆明石林县","103.27","-1:6:45","24.77"
"云南昆明嵩明县","103.03","-1:7:53","25.35"
"云南昆明禄劝县","102.47","-1:10:12","25.55"
"云南昆明寻甸县","103.25","-1:7:0","25.57"
"云南昆明安宁市","102.48","-1:10:14","24.92"
"云南曲靖市区","103.8","-1:4:50","25.5"
"云南曲靖马龙县","103.58","-1:5:34","25.43"
"云南曲靖陆良县","103.67","-1:1:26","25.03"
"云南曲靖师宗县","103.98","-1:4:7","24.83"
"云南曲靖罗平县","104.3","-1:2:48","24.88"
"云南曲靖富源县","104.25","-1:3:2","25.67"
"云南曲靖会泽县","103.3","-1:6:55","26.42"
"云南曲靖沾益县","103.82","-1:4:43","25.62"
"云南曲靖宣威市","104.1","-1:3:38","26.22"
"云南玉溪市区","102.55","-1:9:55","24.35"
"云南玉溪江川县","102.75","-1:9:5","24.28"
"云南玉溪澄江县","102.92","-1:8:22","24.67"
"云南玉溪通海县","102.75","-1:9:0","24.12"
"云南玉溪华宁县","102.93","-1:8:17","24.2"
"云南玉溪易门县","102.17","-1:11:24","24.67"
"云南玉溪峨山县","102.4","-1:10:29","24.18"
"云南玉溪新平县","101.98","-1:12:5","24.07"
"云南保山市区","99.17","-1:23:24","25.12"
"云南保山施甸县","99.18","-1:23:24","24.73"
"云南保山腾冲县","98.5","-1:25:58","25.03"
"云南保山龙陵县","98.68","-1:25:12","24.58"
"云南保山昌宁县","99.6","-1:21:34","24.83"
"云南昭通市区","103.72","-1:5:12","27.33"
"云南昭通鲁甸县","103.55","-1:5:50","27.2"
"云南昭通巧家县","102.92","-1:8:19","26.92"
"云南昭通盐津县","104.23","-1:2:53","28.12"
"云南昭通大关县","103.88","-1:4:22","27.75"
"云南昭通永善县","103.63","-1:5:29","28.23"
"云南昭通绥江县","103.95","-1:4:7","28.6"
"云南昭通镇雄县","104.87","-0:60:34","27.45"
"云南昭通彝良县","104.05","-1:3:46","27.63"
"云南昭通威信县","105.05","-0:59:48","27.85"
"云南昭通水富县","104.4","-1:2:29","28.63"
"云南丽江市区","100.23","-1:19:0","26.88"
"云南丽江玉龙县","100.23","-1:19:0","26.82"
"云南丽江永胜县","100.75","-1:16:58","26.68"
"云南丽江华坪县","101.27","-1:15:2","26.63"
"云南丽江宁蒗县","100.85","-1:16:43","27.28"
"云南普洱思茅区","101","-1:16:2","22.79"
"云南普洱墨江县","101.68","-1:12:59","23.43"
"云南普洱景东县","100.83","-1:16:43","24.45"
"云南普洱景谷县","100.7","-1:17:10","23.5"
"云南普洱江城县","101.85","-1:12:29","22.58"
"云南普洱澜沧县","99.93","-1:20:7","22.55"
"云南普洱西盟县","99.62","-1:22:7","22.63"
"云南普洱宁洱县","101.03","-1:10:59","23.07"
"云南普洱镇沅县","100.88","-1:16:59","23.9"
"云南普洱孟连县","99.55","-1:22:0","22.32"
"云南临沧市区","100.08","-1:19:38","23.88"
"云南临沧凤庆县","99.92","-1:20:19","24.6"
"云南临沧云县","100.13","-1:19:31","24.45"
"云南临沧永德县","99.25","-1:23:0","24.03"
"云南临沧镇康县","98.83","-1:23:55","23.78"
"云南临沧耿马县","99.4","-1:22:22","23.55"
"云南临沧沧源县","99.25","-1:23:2","23.15"
"云南楚雄州市区","101.55","-1:13:50","25.03"
"云南楚雄州双柏县","101.63","-1:13:19","24.7"
"云南楚雄州牟定县","101.53","-1:13:41","25.32"
"云南楚雄州南华县","101.27","-1:14:58","25.2"
"云南楚雄州姚安县","101.23","-1:15:2","25.5"
"云南楚雄州大姚县","101.32","-1:14:38","25.73"
"云南楚雄州永仁县","101.67","-1:13:12","26.07"
"云南楚雄州元谋县","101.88","-1:12:36","25.7"
"云南楚雄州武定县","102.4","-1:10:34","25.53"
"云南楚雄州禄丰县","102.08","-1:11:41","25.15"
"云南红河州个旧市","103.15","-1:10:17","23.37"
"云南红河州开远市","103.27","-1:7:5","23.72"
"云南红河州蒙自县","103.4","-1:6:22","23.37"
"云南红河州屏边县","103.68","-1:5:19","22.98"
"云南红河州建水县","102.83","-1:8:50","23.62"
"云南红河州石屏县","102.5","-1:10:5","23.72"
"云南红河州弥勒县","103.43","-1:6:17","24.4"
"云南红河州泸西县","103.77","-1:4:58","24.53"
"云南红河州元阳县","102.83","-1:8:46","23.23"
"云南红河州红河县","102.42","-1:10:19","23.37"
"云南红河州绿春县","102.4","-1:10:19","23.0"
"云南红河州河口县","103.97","-1:4:5","22.52"
"云南文山州文山县","104.25","-1:3:2","23.37"
"云南文山州砚山县","104.33","-1:2:36","23.62"
"云南文山州西畴县","104.67","-1:1:17","23.45"
"云南文山州麻栗坡县","104.7","-1:1:10","23.12"
"云南文山州马关县","104.4","-1:2:24","23.02"
"云南文山州丘北县","104.18","-1:3:14","24.05"
"云南文山州广南县","105.07","-0:59:38","24.05"
"云南文山州富宁县","105.62","-0:57:36","23.63"
"云南西双版纳景洪市","100.8","-1:17:0","22.02"
"云南西双版纳勐海县","100.45","-1:18:0","21.97"
"云南西双版纳勐腊县","101.57","-1:13:46","21.48"
"云南大理州大理市","100.23","-1:19:14","25.6"
"云南大理州漾濞县","99.95","-1:20:5","25.67"
"云南大理州祥云县","100.55","-1:17:46","25.48"
"云南大理州宾川县","100.58","-1:17:48","25.83"
"云南大理州弥渡县","100.48","-1:17:55","25.35"
"云南大理州南涧县","100.52","-1:17:58","25.05"
"云南大理州巍山县","100.3","-1:18:41","25.23"
"云南大理州永平县","99.53","-1:21:55","25.47"
"云南大理州云龙县","99.37","-1:22:26","25.88"
"云南大理州洱源县","99.95","-1:20:14","26.12"
"云南大理州剑川县","99.9","-1:20:29","26.53"
"云南大理州鹤庆县","100.18","-1:19:17","26.57"
"云南德宏州瑞丽市","97.85","-1:28:41","24.02"
"云南德宏州潞西市","98.58","-1:25:36","24.43"
"云南德宏州梁河县","98.3","-1:26:48","24.82"
"云南德宏州盈江县","97.93","-1:28:17","24.72"
"云南德宏州陇川县","97.8","-1:28:10","24.2"
"云南怒江州泸水县","98.85","-1:24:43","25.85"
"云南怒江州福贡县","98.87","-1:24:19","26.9"
"云南怒江州贡山县","98.67","-1:25:24","27.73"
"云南怒江州兰坪县","99.42","-1:22:50","26.45"
"云南迪庆州香格里拉县","99.7","-1:21:17","27.83"
"云南迪庆州德钦县","98.92","-1:24:17","28.48"
"云南迪庆州维西治县","99.28","-1:22:55","27.18"
"西藏拉萨市区","91.13","-1:55:34","29.65"
"西藏拉萨林周县","91.25","-1:55:2","29.9"
"西藏拉萨当雄县","91.1","-1:55:48","30.48"
"西藏拉萨尼木县","90.15","-1:59:26","29.45"
"西藏拉萨曲水县","90.73","-1:57:12","29.37"
"西藏拉萨堆龙县","91.0","-1:56:10","29.65"
"西藏拉萨达孜县","91.35","-1:54:26","29.68"
"西藏拉萨墨竹工卡县","91.73","-1:52:55","29.83"
"西藏昌都地区昌都县","97.18","-1:31:26","31.13"
"西藏昌都地区江达县","98.22","-1:27:10","31.5"
"西藏昌都地区贡觉县","98.27","-1:26:50","30.87"
"西藏昌都地区类乌齐县","96.6","-1:33:43","31.22"
"西藏昌都地区丁青县","95.6","-1:37:29","31.42"
"西藏昌都地区察雅县","97.57","-1:29:46","30.65"
"西藏昌都地区八宿县","96.92","-1:32:12","30.05"
"西藏昌都地区左贡县","97.85","-1:28:24","29.67"
"西藏昌都地区芒康县","98.6","-1:25:17","29.68"
"西藏昌都地区洛隆县","95.83","-1:36:58","30.75"
"西藏昌都地区边坝县","94.7","-1:41:14","30.93"
"西藏山南地区乃东县","91.77","-1:52:58","29.23"
"西藏山南地区扎囊县","91.33","-1:54:58","29.25"
"西藏山南地区贡嘎县","90.98","-1:56:10","29.3"
"西藏山南地区桑日县","92.02","-1:52:0","29.27"
"西藏山南地区琼结县","91.68","-1:53:24","29.03"
"西藏山南地区曲松县","92.2","-1:51:34","29.07"
"西藏山南地区措美县","91.43","-1:54:24","28.43"
"西藏山南地区洛扎县","90.87","-1:56:41","28.38"
"西藏山南地区加查县","92.58","-1:49:36","29.15"
"西藏山南地区隆子县","92.47","-1:50:19","28.42"
"西藏山南地区错那县","91.95","-1:52:22","28.0"
"西藏山南地区浪卡子县","90.4","-1:58:41","28.97"
"西藏日喀则地区日喀则市","88.88","-2:4:43","29.27"
"西藏日喀则地区南木林县","89.1","-2:3:55","29.68"
"西藏日喀则地区江孜县","89.6","-2:1:29","28.92"
"西藏日喀则地区定日县","87.12","-2:11:34","28.67"
"西藏日喀则地区萨迦县","88.02","-2:8:0","28.9"
"西藏日喀则地区拉孜县","87.63","-2:9:31","29.08"
"西藏日喀则地区昂仁县","87.23","-2:11:7","29.3"
"西藏日喀则地区谢通门县","88.27","-2:7:0","29.43"
"西藏日喀则地区白朗县","89.27","-2:3:22","29.12"
"西藏日喀则地区仁布县","89.83","-2:0:55","29.23"
"西藏日喀则地区康马县","89.68","-2:1:19","28.57"
"西藏日喀则地区定结县","87.77","-2:8:55","28.37"
"西藏日喀则地区仲巴县","84.03","-2:23:24","29.77"
"西藏日喀则地区亚东县","88.9","-2:4:17","27.48"
"西藏日喀则地区吉隆县","85.3","-2:18:50","28.85"
"西藏日喀则地区聂拉木县","85.98","-2:16:14","28.17"
"西藏日喀则地区萨嘎县","85.23","-2:18:48","29.33"
"西藏日喀则地区岗巴县","88.52","-2:6:0","28.28"
"西藏那曲地区那曲县","92.07","-1:51:36","31.48"
"西藏那曲地区嘉黎县","93.25","-1:46:10","30.65"
"西藏那曲地区比如县","93.68","-1:45:17","31.48"
"西藏那曲地区聂荣县","92.3","-1:50:48","32.12"
"西藏那曲地区安多县","91.68","-1:53:17","32.27"
"西藏那曲地区申扎县","88.7","-2:5:12","30.93"
"西藏那曲地区索县","93.78","-1:45:10","31.88"
"西藏那曲地区班戈县","90.02","-1:59:48","31.37"
"西藏那曲地区巴青县","94.03","-1:43:36","31.93"
"西藏那曲地区尼玛县","87.23","-2:10:12","31.78"
"西藏阿里地区普兰县","81.17","-2:35:17","30.3"
"西藏阿里地区札达县","79.8","-2:41:0","31.48"
"西藏阿里地区噶尔县","80.1","-2:40:0","32.5"
"西藏阿里地区日土县","79.72","-2:41:34","33.38"
"西藏阿里地区革吉县","81.12","-2:35:29","32.4"
"西藏阿里地区改则县","84.07","-2:23:36","32.3"
"西藏阿里地区措勤县","85.17","-2:19:22","31.02"
"西藏林芝地区林芝县","94.37","-1:43:0","29.68"
"西藏林芝地区工布江达县","93.25","-1:47:0","29.88"
"西藏林芝地区米林县","94.22","-1:43:29","29.22"
"西藏林芝地区墨脱县","95.33","-1:38:58","29.33"
"西藏林芝地区波密县","95.77","-1:37:0","29.87"
"西藏林芝地区察隅县","97.47","-1:30:2","28.67"
"西藏林芝地区朗县","93.07","-1:47:34","29.05"
"陕西西安市区","108.93","-0:44:12","34.27"
"陕西西安阎良区","109.23","-0:43:7","34.65"
"陕西西安临潼区","109.22","-0:43:7","34.37"
"陕西西安长安区","108.93","-0:44:7","34.17"
"陕西西安蓝田县","109.32","-0:42:43","34.15"
"陕西西安周至县","108.2","-0:47:7","34.17"
"陕西西安户县","108.6","-0:45:34","34.1"
"陕西西安高陵县","109.08","-0:43:36","34.53"
"陕西铜川市区","108.93","-0:43:34","34.9"
"陕西铜川宜君县","109.12","-0:43:34","35.4"
"陕西宝鸡市区","107.13","-0:51:24","34.37"
"陕西宝鸡凤翔县","107.38","-0:50:26","34.52"
"陕西宝鸡岐山县","107.62","-0:49:29","34.45"
"陕西宝鸡扶风县","107.87","-0:48:31","34.37"
"陕西宝鸡眉县","107.75","-0:48:58","34.28"
"陕西宝鸡陇县","106.85","-0:52:34","34.9"
"陕西宝鸡千阳县","107.13","-0:51:29","34.65"
"陕西宝鸡麟游县","107.78","-0:48:48","34.68"
"陕西宝鸡凤县","106.52","-0:53:58","33.92"
"陕西宝鸡太白县","107.32","-0:50:48","34.07"
"陕西咸阳市区","108.7","-0:45:7","34.33"
"陕西咸阳杨凌区","108.07","-0:47:58","34.28"
"陕西咸阳三原县","108.93","-0:44:14","34.62"
"陕西咸阳泾阳县","108.83","-0:44:38","34.53"
"陕西咸阳乾县","108.23","-0:47:0","34.53"
"陕西咸阳礼泉县","108.42","-0:46:17","34.48"
"陕西咸阳永寿县","108.13","-0:47:26","34.7"
"陕西咸阳彬县","108.08","-0:47:38","35.03"
"陕西咸阳长武县","107.78","-0:48:48","35.2"
"陕西咸阳旬邑县","108.33","-0:46:41","35.12"
"陕西咸阳淳化县","108.58","-0:45:43","34.78"
"陕西咸阳武功县","108.2","-0:47:7","34.27"
"陕西咸阳兴平市","108.48","-0:46:2","34.3"
"陕西渭南市区","109.5","-0:42:0","34.5"
"陕西渭南华县","109.77","-0:40:55","34.52"
"陕西渭南潼关县","110.23","-0:39:0","34.55"
"陕西渭南大荔县","109.93","-0:40:10","34.8"
"陕西渭南合阳县","110.15","-0:39:24","35.23"
"陕西渭南澄城县","109.93","-0:40:17","35.18"
"陕西渭南蒲城县","109.58","-0:41:38","34.95"
"陕西渭南白水县","109.58","-0:41:36","35.18"
"陕西渭南富平县","109.18","-0:43:19","34.75"
"陕西渭南韩城市","110.43","-0:38:12","35.48"
"陕西渭南华阴市","110.08","-0:39:38","34.57"
"陕西延安市区","109.48","-0:42:7","36.6"
"陕西延安延长县","110.0","-0:39:55","36.58"
"陕西延安延川县","110.18","-0:39:17","36.88"
"陕西延安子长县","109.67","-0:41:24","37.13"
"陕西延安安塞县","109.32","-0:42:38","36.87"
"陕西延安志丹县","108.77","-0:44:53","36.82"
"陕西延安甘泉县","109.35","-0:42:31","36.28"
"陕西延安富县","109.37","-0:42:31","35.98"
"陕西延安洛川县","109.43","-0:42:19","35.77"
"陕西延安宜川县","110.17","-0:39:24","36.05"
"陕西延安黄龙县","109.83","-0:40:34","35.58"
"陕西延安黄陵县","109.25","-0:42:55","35.58"
"陕西汉中市区","107.02","-0:47:50","33.07"
"陕西汉中南郑县","106.93","-0:52:17","33.0"
"陕西汉中城固县","107.33","-0:50:43","33.15"
"陕西汉中洋县","107.55","-0:49:46","33.22"
"陕西汉中西乡县","107.77","-0:48:55","32.98"
"陕西汉中勉县","106.67","-0:53:17","33.15"
"陕西汉中宁强县","106.2","-0:55:05","32.83"
"陕西汉中略阳县","106.15","-0:55:22","33.33"
"陕西汉中镇巴县","107.9","-0:48:22","32.53"
"陕西汉中留坝县","106.92","-0:52:12","33.62"
"陕西汉中佛坪县","107.98","-0:48:0","33.53"
"陕西榆林市区","109.73","-0:40:55","38.28"
"陕西榆林神木县","110.5","-0:37:58","38.83"
"陕西榆林府谷县","111.07","-0:35:43","39.03"
"陕西榆林横山县","109.28","-0:42:43","37.95"
"陕西榆林靖边县","108.8","-0:44:50","37.6"
"陕西榆林定边县","107.6","-0:49:38","37.58"
"陕西榆林绥德县","110.25","-0:39:2","37.5"
"陕西榆林米脂县","110.18","-0:39:5","37.75"
"陕西榆林佳县","110.48","-0:38:5","38.02"
"陕西榆林吴堡县","110.73","-0:37:5","37.45"
"陕西榆林清涧县","110.12","-0:39:24","37.08"
"陕西榆林子洲县","110.03","-0:39:48","37.62"
"陕西安康市区","109.02","-0:43:55","32.68"
"陕西安康汉阴县","108.5","-0:45:53","32.9"
"陕西安康石泉县","108.25","-0:46:58","33.05"
"陕西安康宁陕县","108.32","-0:46:41","33.32"
"陕西安康紫阳县","108.53","-0:45:48","32.52"
"陕西安康岚皋县","108.9","-0:44:26","32.32"
"陕西安康平利县","109.35","-0:42:31","32.4"
"陕西安康镇坪县","109.52","-0:41:58","31.88"
"陕西安康旬阳县","109.38","-0:42:36","32.83"
"陕西安康白河县","110.1","-0:39:46","32.82"
"陕西商洛市区","109.93","-0:40:31","33.87"
"陕西商洛洛南县","110.13","-0:39:24","34.08"
"陕西商洛丹凤县","110.33","-0:38:36","33.7"
"陕西商洛商南县","110.88","-0:36:29","33.53"
"陕西商洛山阳县","109.88","-0:40:22","33.53"
"陕西商洛镇安县","109.15","-0:43:22","33.43"
"陕西商洛柞水县","109.1","-0:43:26","33.68"
"甘肃兰州市区","103.82","-1:5:5","36.07"
"甘肃兰州红古区","102.87","-1:9:0","36.33"
"甘肃兰州永登县","103.27","-1:7:0","36.73"
"甘肃兰州皋兰县","103.95","-1:4:7","36.33"
"甘肃兰州榆中县","104.12","-1:3:38","35.85"
"甘肃嘉峪关市区","98.27","-1:26:58","39.8"
"甘肃金昌市区","102.18","-1:11:0","38.5"
"甘肃金昌永昌县","101.97","-1:12:14","38.25"
"甘肃白银市区","104.18","-1:3:0","36.55"
"甘肃白银平川区","104.83","-1:0:50","36.73"
"甘肃白银靖远县","104.68","-1:1:10","36.57"
"甘肃白银会宁县","105.05","-0:59:41","35.7"
"甘肃白银景泰县","104.07","-1:3:48","37.15"
"甘肃天水市区","105.72","-0:57:14","34.58"
"甘肃天水清水县","106.13","-0:55:31","34.75"
"甘肃天水秦安县","105.67","-0:57:14","34.87"
"甘肃天水甘谷县","105.33","-0:58:36","34.73"
"甘肃天水武山县","104.88","-0:60:29","34.72"
"甘肃天水张家川县","106.23","106.22","35.0"
"甘肃武威市区","102.63","-1:9:34","37.93"
"甘肃武威民勤县","103.08","-1:7:41","38.62"
"甘肃武威古浪县","102.88","-1:8:34","37.47"
"甘肃武威天祝县","103.13","-1:8:38","36.98"
"甘肃张掖市区","100.45","-1:18:10","38.93"
"甘肃张掖肃南县","99.62","-1:21:43","38.83"
"甘肃张掖民乐县","100.82","-1:16:36","38.43"
"甘肃张掖临泽县","100.17","-1:19:19","39.13"
"甘肃张掖高台县","99.82","-1:20:38","39.38"
"甘肃张掖山丹县","101.08","-1:15:14","38.78"
"甘肃平凉市区","106.67","-0:53:17","35.55"
"甘肃平凉泾川县","107.37","-0:50:29","35.33"
"甘肃平凉灵台县","107.62","-0:49:34","35.07"
"甘肃平凉崇信县","107.03","-0:51:48","35.3"
"甘肃平凉华亭县","106.65","-0:53:24","35.22"
"甘肃平凉庄浪县","106.05","-0:55:46","35.2"
"甘肃平凉静宁县","105.72","-0:57:5","35.52"
"甘肃酒泉市区","98.52","-1:26:0","39.75"
"甘肃酒泉金塔县","98.9","-1:24:19","39.98"
"甘肃酒泉肃北县","94.88","-1:40:26","39.52"
"甘肃酒泉阿克塞县","94.33","-1:43:0","39.63"
"甘肃酒泉玉门市","97.05","-1:29:41","40.28"
"甘肃酒泉敦煌市","94.67","-1:41:10","40.13"
"甘肃庆阳市区","107.63","-0:48:29","35.73"
"甘肃庆阳庆城县","107.88","-0:47:39","36.0"
"甘肃庆阳环县","107.3","-0:50:41","36.58"
"甘肃庆阳华池县","107.98","-0:48:0","36.47"
"甘肃庆阳合水县","108.02","-0:47:55","35.82"
"甘肃庆阳正宁县","108.37","-0:46:17","35.5"
"甘肃庆阳宁县","107.92","-0:48:14","35.5"
"甘肃庆阳镇原县","107.2","-0:51:7","35.68"
"甘肃定西市区","104.62","-1:1:43","35.58"
"甘肃定西通渭县","105.25","-0:58:55","35.2"
"甘肃定西陇西县","104.63","-1:1:34","35.0"
"甘肃定西渭源县","104.22","-1:3:14","35.13"
"甘肃定西临洮县","103.87","-1:4:29","35.38"
"甘肃定西漳县","104.47","-1:2:5","34.85"
"甘肃定西岷县","104.03","-1:3:50","34.43"
"甘肃陇南市区","104.92","-1:0:25","33.4"
"甘肃陇南成县","105.72","-0:57:12","33.73"
"甘肃陇南文县","104.68","-1:1:12","32.95"
"甘肃陇南宕昌县","104.38","-1:2:29","34.05"
"甘肃陇南康县","105.6","-0:57:41","33.33"
"甘肃陇南西和县","105.3","-0:58:53","34.02"
"甘肃陇南礼县","105.17","-0:59:24","34.18"
"甘肃陇南徽县","106.08","-0:55:34","33.77"
"甘肃陇南两当县","106.3","-0:54:53","33.92"
"甘肃临夏州市区","103.22","-1:7:7","35.6"
"甘肃临夏州临夏县","103.0","-1:7:55","35.5"
"甘肃临夏州康乐县","103.72","-1:5:17","35.37"
"甘肃临夏州永靖县","103.32","-1:6:38","35.93"
"甘肃临夏州广河县","103.58","-1:5:50","35.48"
"甘肃临夏州和政县","103.35","-1:6:46","35.43"
"甘肃临夏州东乡县","103.4","-1:6:26","35.67"
"甘肃甘南州合作市","102.92","-1:8:26","34.98"
"甘肃甘南州临潭县","103.35","-1:6:36","34.7"
"甘肃甘南州卓尼县","103.5","-1:5:50","34.58"
"甘肃甘南州舟曲县","104.37","-1:2:29","33.78"
"甘肃甘南州迭部县","103.22","-1:7:5","34.05"
"甘肃甘南州玛曲县","102.07","-1:11:50","34.0"
"甘肃甘南州碌曲县","102.48","-1:10:0","34.58"
"甘肃甘南州夏河县","102.52","-1:10:10","35.2"
"青海西宁市区","101.78","-1:13:2","36.62"
"青海西宁大通县","101.68","-1:13:19","36.93"
"青海西宁湟中县","101.57","-1:13:43","36.5"
"青海西宁湟源县","101.27","-1:14:53","36.68"
"青海海东地区平安县","102.12","-1:11:38","36.5"
"青海海东地区民和县","102.8","-1:8:48","36.33"
"青海海东地区乐都县","102.4","-1:10:29","36.48"
"青海海东地区互助县","101.95","-1:12:12","36.83"
"青海海东地区化隆县","102.27","-1:10:48","36.1"
"青海海东地区循化县","102.48","-1:10:10","35.85"
"青海海北州门源县","101.62","-1:13:31","37.38"
"青海海北州祁连县","100.25","-1:19:7","38.18"
"青海海北州海晏县","100.98","-1:16:2","36.9"
"青海海北州刚察县","100.13","-1:19:19","37.33"
"青海黄南州同仁县","102.02","-1:12:0","35.52"
"青海黄南州尖扎县","102.03","-1:12:0","35.93"
"青海黄南州泽库县","101.47","-1:14:0","35.03"
"青海黄南州河南县","101.6","-1:13:30","34.73"
"青海海南州共和县","100.62","-1:17:34","36.28"
"青海海南州同德县","100.57","-1:17:29","35.25"
"青海海南州贵德县","101.43","-1:14:7","36.05"
"青海海南州兴海县","99.98","-1:20:2","35.58"
"青海海南州贵南县","100.75","-1:17:0","35.58"
"青海果洛州玛沁县","100.23","-1:18:58","34.48"
"青海果洛州班玛县","100.73","-1:17:5","32.93"
"青海果洛州甘德县","99.9","-1:20:26","33.97"
"青海果洛州达日县","99.65","-1:21:17","33.75"
"青海果洛州久治县","101.48","-1:14:7","33.43"
"青海果洛州玛多县","98.18","-1:26:58","34.92"
"青海玉树州玉树县","97.02","-1:32:7","33.0"
"青海玉树州杂多县","95.3","-1:38:48","32.9"
"青海玉树州称多县","97.1","-1:31:31","33.37"
"青海玉树州治多县","95.62","-1:37:36","33.85"
"青海玉树州囊谦县","96.48","-1:34:7","32.2"
"青海玉树州曲麻莱县","95.8","-1:38:0","34.13"
"青海海西州格尔木市","94.9","-1:40:24","36.42"
"青海海西州德令哈市","97.37","-1:30:51","37.37"
"青海海西州乌兰县","98.48","-1:26:10","36.93"
"青海海西州都兰县","98.08","-1:27:29","36.3"
"青海海西州天峻县","99.02","-1:23:53","37.3"
"宁夏银川市区","106.28","-0:54:55","38.47"
"宁夏银川永宁县","106.25","-0:55:2","38.28"
"宁夏银川贺兰县","106.35","-0:54:36","38.55"
"宁夏银川灵武市","106.33","-0:54:38","38.1"
"宁夏石嘴山市区","106.3","-0:54:268","39.02"
"宁夏石嘴山平罗县","106.53","-0:53:50","38.9"
"宁夏吴忠市区","106.2","-0:55:10","37.98"
"宁夏吴忠盐池县","107.4","-0:50:22","37.78"
"宁夏吴忠同心县","105.92","-0:56:14","36.98"
"宁夏吴忠青铜峡市","106.07","-0:55:43","38.02"
"宁夏固原市区","106.28","-0:54:53","36.0"
"宁夏固原西吉县","105.73","-0:57:12","35.97"
"宁夏固原隆德县","106.12","-0:55:34","35.62"
"宁夏固原泾源县","106.33","-0:54:41","35.48"
"宁夏固原彭阳县","106.63","-0:53:41","35.85"
"宁夏中卫市区","105.18","-0:59:17","37.52"
"宁夏中卫中宁县","105.67","-0:57:22","37.48"
"宁夏中卫海原县","105.65","-0:57:26","36.57"
"新疆吐鲁番地区吐鲁番市","89.17","-2:3:14","42.95"
"新疆吐鲁番地区鄯善县","90.22","-1:59:0","42.87"
"新疆吐鲁番地区托克逊县","88.65","-2:5:29","42.78"
"新疆哈密地区哈密市","93.52","-1:46:14","42.83"
"新疆哈密地区伊吾县","94.7","-1:41:24","43.25"
"新疆昌吉州昌吉市","87.3","-2:10:17","44.02"
"新疆昌吉州阜康市","87.98","-2:8:17","44.15"
"新疆昌吉州米泉市","87.65","-2:9:17","43.97"
"新疆昌吉州呼图壁县","86.9","-2:12:17","44.18"
"新疆昌吉州玛纳斯县","86.22","-2:14:17","44.3"
"新疆昌吉州奇台县","89.58","-2:2:14","44.02"
"新疆昌吉州吉木萨尔县","89.18","-2:3:14","44.0"
"新疆昌吉州木垒县","90.28","-2:0:14","43.83"
"新疆博尔塔拉州博乐市","82.07","-2:38:20","44.9"
"新疆博尔塔拉州精河县","82.88","-2:28:4","44.6"
"新疆博尔塔拉州温泉县","81.03","-2:35:41","44.97"
"新疆巴音郭楞州库尔勒市","86.15","-2:15:46","41.77"
"新疆巴音郭楞州轮台县","84.27","-2:23:0","41.78"
"新疆巴音郭楞州尉犁县","86.25","-2:15:2","41.33"
"新疆巴音郭楞州若羌县","88.17","-2:8:17","39.02"
"新疆巴音郭楞州且末县","85.53","-2:20:0","38.13"
"新疆巴音郭楞州焉耆县","86.57","-2:13:48","42.07"
"新疆巴音郭楞州和静县","86.4","-2:14:36","42.32"
"新疆巴音郭楞州和硕县","86.87","-2:12:38","42.27"
"新疆巴音郭楞州博湖县","86.63","-2:13:53","41.98"
"新疆阿克苏地区阿克苏市","80.27","-2:38:50","41.17"
"新疆阿克苏地区温宿县","80.23","-2:39:2","41.28"
"新疆阿克苏地区库车县","82.97","-2:28:7","41.72"
"新疆阿克苏地区沙雅县","82.78","-2:28:24","41.22"
"新疆阿克苏地区新和县","82.6","-2:29:29","41.55"
"新疆阿克苏地区拜城县","81.87","-2:32:38","41.8"
"新疆阿克苏地区乌什县","79.23","-2:43:0","41.22"
"新疆阿克苏地区阿瓦提县","80.38","-2:38:38","40.63"
"新疆阿克苏地区柯坪县","79.05","-2:43:46","40.5"
"新疆阿图什市市区","76.17","-2:55:41","39.72"
"新疆阿图什市阿克陶县","75.95","-2:56:21","39.15"
"新疆阿图什市阿合奇县","78.45","-2:45:46","40.93"
"新疆阿图什市乌恰县","75.25","-2:57:41","39.72"
"新疆喀什地区喀什市","75.98","-2:56:26","39.47"
"新疆喀什地区疏附县","75.85","-2:56:41","39.38"
"新疆喀什地区疏勒县","76.05","-2:55:48","39.4"
"新疆喀什地区英吉沙县","76.17","-2:55:19","38.93"
"新疆喀什地区泽普县","77.27","-2:50:58","38.18"
"新疆喀什地区莎车县","77.23","-2:51:0","38.42"
"新疆喀什地区叶城县","77.42","-2:50:19","37.88"
"新疆喀什地区麦盖提县","77.65","-2:49:31","38.9"
"新疆喀什地区岳普湖县","76.77","-2:53:19","39.23"
"新疆喀什地区伽师县","76.73","-2:52:53","39.5"
"新疆喀什地区巴楚县","78.55","-2:45:38","39.78"
"新疆和田地区和田市","79.92","-2:40:14","37.12"
"新疆和田地区和田县","79.93","-2:40:14","37.1"
"新疆和田地区墨玉县","79.73","-2:41:2","37.27"
"新疆和田地区皮山县","78.28","-2:46:50","37.62"
"新疆和田地区洛浦县","80.18","-2:39:19","37.07"
"新疆和田地区策勒县","80.8","-2:36:53","37.0"
"新疆和田地区于田县","81.67","-2:33:29","36.85"
"新疆和田地区民丰县","82.68","-2:29:29","37.07"
"新疆伊犁州伊宁市","81.32","-2:34:41","43.92"
"新疆伊犁州奎屯市","84.9","-2:20:26","44.42"
"新疆伊犁州伊宁县","81.52","-2:33:51","43.98"
"新疆伊犁州察布查尔县","81.15","-2:35:31","43.83"
"新疆伊犁州霍城县","80.88","-2:36:31","44.05"
"新疆伊犁州巩留县","82.23","-2:31:5","43.48"
"新疆伊犁州新源县","83.25","-2:26:55","43.43"
"新疆伊犁州昭苏县","81.13","-2:35:41","43.15"
"新疆伊犁州特克斯县","81.83","-2:32:46","43.22"
"新疆伊犁州尼勒克县","82.5","-2:29:53","43.78"
"新疆塔城地区塔城市","82.98","-2:28:10","46.75"
"新疆塔城地区乌苏市","84.68","-2:21:31","44.43"
"新疆塔城地区额敏县","83.63","-2:25:31","46.53"
"新疆塔城地区沙湾县","85.62","-2:17:46","44.33"
"新疆塔城地区托里县","83.6","-2:25:38","45.93"
"新疆塔城地区裕民县","82.98","-2:28:14","46.2"
"新疆塔城地区和布克赛尔县","85.72","-2:19:29","46.8"
"新疆阿勒泰地区阿勒泰市","88.13","-2:7:26","47.85"
"新疆阿勒泰地区布尔津县","86.85","-2:12:19","47.7"
"新疆阿勒泰地区富蕴县","89.52","-2:2:14","47.0"
"新疆阿勒泰地区福海县","87.5","-2:9:58","47.12"
"新疆阿勒泰地区哈巴河县","86.42","-2:14:22","48.07"
"新疆阿勒泰地区青河县","90.38","-1:58:31","46.67"
"新疆阿勒泰地区吉木乃县","85.88","-2:16:38","47.43"
"新疆石河子市市区","86.03","-2:16:14","44.3"
"新疆石河子市阿拉尔市","81.28","-2:35:09","40.55"
"新疆石河子市图木舒克市","79.13","-2:40:19","39.85"
"新疆石河子市五家渠市","87.53","-2:9:58","44.17"
"香港市区","114.08","-0:23:36","22.2"
"澳门市区","113.33","-0:26:41","22.13"
"台湾台北市","121.5","+0:6:0","25.03"
"台湾高雄市","120.28","+0:1:29","22.62"
"台湾基隆市","121.73","+0:6:55","25.13"
"台湾台中市","120.67","+0:2:41","24.15"
"台湾台南市","120.2","+0:0:46","23.0"
"台湾新竹市","120.95","+0:3:50","24.82"
"台湾嘉义市","120.43","+0:1:49","23.48"
"台湾台北县","121.47","+0:6:0","25.02"
"台湾宜兰县","121.75","+0:7:0","24.77"
"台湾桃园县","121.3","+0:5:12","24.97"
"台湾苗栗县","120.8","+0:3:29","24.53"
"台湾台中县","120.72","+0:2:41","24.25"
"台湾彰化县","120.53","+0:2:29","24.08"
"台湾南投县","120.67","+0:2:49","23.92"
"台湾云林县","120.53","+0:2:39","23.72"
"台湾台南县","120.32","+0:0:46","23.32"
"台湾高雄县","120.37","+0:1:49","22.63"
"台湾屏东县","120.48","+0:2:29","22.67"
"台湾台东县","121.15","+0:6:0","22.75"
"台湾花莲县","121.6","+0:8:0","23.98"
"台湾澎湖县","119.58","-0:1:43","23.58"
"重庆北碚区","106.43","-0:54:26","29.83"
"重庆南川区","107.05","-0:51:21","29.10"
"重庆永川区","105.53","-0:57:12","29.23"
"新疆乌鲁木齐市市区","87.62","-2:9:17","43.82"
"新疆乌鲁木齐市达坂城区","88.3","-2:6:57","43.35"
"新疆乌鲁木齐市乌鲁木齐县","87.6","-2:9:17","43.8"
"新疆克拉玛依市市区","84.87","-2:20:55","45.6"
"新疆克拉玛依市白碱滩区","85.13","-2:19:5","45.7"
"新疆克拉玛依市乌尔禾区","85.68","-2:17:5","46.08"
